ZJNSRSBH,YC
5b64ed6728c52c67bd705b17394481e5,1
b33ea7399d0a40194aeb073b3efe33aa,1
ba5aad0ca279d19d6c124c73fdec6a79,0
7e1e3d492f9ad3c4fc76c184d440a934,0
57ce95c17216aa045083ff9d19f91f6c,0
2e18f17fd6de675fec506efce5cab49f,0
00b838f23886b3f75b1c0ab690df658d,1
f1b93f92ad1a01e2291daf591cc71b87,1
5d66546b2effea1888498acfe7726b1d,1
102ec6d79fb10f844d0327158ec991f0,0
893427c796ece83be22fb1214b4731f4,0
2c6388181f430c4655ae5425d2318dea,1
9ffceb0134f88b3e88a6ece2b050944c,0
b46ee1336ab62aad953b7b39ec47592a,0
22de20697e5b9c5073caedbeb7d9ef16,1
8c397213a3193ed189f2ecc70db71d12,0
72cf558d5d4b5505df5ff8658c503c06,1
87a4a1464579aa11c7dbb27cf9cfc822,0
f7cfb5f18e7395fa1515f7e708ffe791,0
14cc122030e49d5c0646ec812faed4a9,0
8cb5e02234de5280a3dc80d8d4fbdb71,0
90b8508f2e176df684c66321b85ad409,0
3b7ac33388d6447dedc09453c2538810,0
8cd758c34681a608d04f6a52856ce380,0
c08284bd4edf6edef8b85e638c23b0b8,0
2a33dd94ac1ad2e2f17a7c3b7a2a8495,0
4dc7a874c030e7c4e9a11a597e1d6114,0
0046d2f18cda7bf007593f9146ab755a,0
493b1f518faf7d036be2bbade321bd73,0
f1a3afce56c0332580784fdce7b5f57c,1
9eb0ce77698a6a67d5dfb0e3de7aefca,0
65ce65d2bd1aa049a5d6401504be8d38,0
4b2c47b574f49864a18d9c357c426db2,0
5650863341279020cda0f115506605a2,1
04b0b9684f521c6eea4f59c5ad87642e,0
9e467d22a7160638594ab3d53d750489,0
847ef0ebb8e76e98a9389e6d8bc09e97,0
2a5aebb3e832b3763fa40d0bb12b59ce,0
bfbf6c71d070f4e5b832a2da12171837,0
b36c9722bb8c2f836e3a2e218fe5685d,0
d48a9281bdc454fb9b5082aff8f7f8f6,0
e2b6436518ed58a0d35e316a618abe62,0
6b96ef7cca2ec9a9e1625b2f18e145ab,0
8100b4a786c0c65fc370273c7333824a,0
f9a914528a4ad857f0adbf3ff176c6d4,0
581f43ee2dfde659b31df9a3de49d848,0
6034f820f68f849637726bbc97297fbc,0
b0be612d69170ad8529fbaa549905e3c,0
3a62d10f464dbafd13e2544a5109a060,0
7b34b2e62678db676ecd441a883cdea3,1
bd3dd1328898b37bd31c0dc0aff12690,0
300f16cb22e270fc9cd4ff8e258b0589,0
f312d770bc8c95e6f1cb31f30fa553b2,0
ba19fcc2814f130a0379ce1549145987,0
4037ea60121b7f66c76982866273eb00,0
89f57ce4cf39ffb721da127d2fff63b6,0
9417df4d02d1b03516049b2de10ef08d,0
c8865b0b4ea397daf89bcd742e74df5c,1
4030be14be26860c4e6ce8612cd525ff,0
4921a44c1622186d7984cb6b69c08b41,0
4b72b9cc6793e05d0c5b9845a79ad218,0
8b8604b47f8d8a2d29228f24e9315989,0
7d797b5a724c6094340b392dce8be50b,0
f2abcc18ca96ed774cedd7c3500bb883,0
328353ad2ec88dc8fa4a0299572f3aa2,0
415b473ac15bbf8c0903e9efaba3ae91,1
6016af53cd66cabf4995c9f72f3e4f16,0
261ee70e87a7d17c04786cab2e114ebf,0
2d187607237e675d830542122574a26a,1
1366851db2a739b7c519b6bf03c41e6f,0
cdb8c14c5aa3ff6e82ab5f8362542e1c,0
c675cda9a1edc0c100225cd1ef710fc4,0
db92c79a1e8fea7ac061b2d23dc3feb3,1
2886fb322620d5236d110b2cec94e24d,1
05c29aca63193113b8911b4dee690736,0
a19754c7a93e8cf14c11f9fafb0d82d5,0
5dd9cbeaa87c5067c5099527167bdecd,0
fedbb45a5dd0d03d25c63a2c0bf161e7,0
e33784f9b3510787940aac577c1533f0,0
e56b2489e0e4576e878d27eb76044f93,0
e49a8f428607dd9e6af5b305760b48c7,1
e4455d024a0a627b3138c150e03b4ba6,0
acc1ca8dd87faff50d19ad74366f6adc,0
224061b9972b7b938146ccd64a0bc670,1
62a991e4ff336fd872cc64d0b139645f,0
47917b6cc021a8aa8f0a4d209f7445ff,0
63488c4370b58f4ab90b305df6481e42,0
1e8804dc0bbed4650f729998e5621478,0
78bfa7b67dd03947e6633192a7c13957,0
16300718ff4346170cd772a2f392180f,1
fc1487d9f8dd91aab47041dec716c8ec,0
a0b83b7109b44fad092b81194716eab3,1
4454130427a57ffd4730a49cc3faa06a,1
874a9e6218a8ed539d3bf0a38c68c1e1,0
5de5615f8cd17f5ef8ba7eb461c7961a,0
7342497f846176f0ed2f7a01a476d46e,0
67891e864e4ec7669994ff981892b842,0
dc9cc136092d8501360aaa2a39b96657,0
2925fd22949a211ec3e534ca9c775d32,0
3980d6d4db5b4ab31b067aadf706abe8,0
5f7aef063051296be74c318c491fb89c,0
0813b984ddaad6946e2b8b9edb6f6f2d,0
44c382446f1aaabf07cb89b013fb0e35,1
3c7d7a5709e2f5a024aaf65dbeda6dee,0
0d6f81fc92484da9965abee2526b2651,0
8b1310d2faef406278479e64b1844e9c,1
9e4b9c330a25f85ec4f2da45ba7cecb1,1
d2ce376b977c949f7105ae4f4ff65fdd,1
834ac296e741f9ad838eb5a620cbe204,0
62aea1fe066b0081fcc8710ab0f30fef,0
ea2a5638da75dd40a3bf0ceb6c4fb67c,0
df043d9e74be85a71497e85983eb6571,0
b215cae20c76ae0d67093b2108570c0b,0
95d1d487f2cfefd1a98449412d289328,1
6dee0deb20a9027e8f2cb9e1911d15d2,0
7758cde506ad740b2dbacf8e58b0f022,1
e9d58030322189fa17a0d40af125d01d,0
33a1eecb8ed1cf0c953b8743bc3decdb,1
77929a2b6dd43d713437f41ccac3f143,1
b864b68380cea3fd2e92c5eebd5c0377,0
7fc5b9747786047fb008608d134b9a0b,0
7032b164ac31808b7867eaff7e0a09e4,0
25a5fc179ac656825c0874fbdbb45a9b,0
77b032342cc3f2c47c083935a39f0553,0
0edb90eac3faa23d06e8b5771c319401,0
c2b04fdb35e4097ecb2329b29557b99f,0
83eafb92b499dcbe8141e0db76ac00c3,0
80c8a118810d7a385d40b6627afa4324,0
2fbee09d3afcc37dccecac1e05ffb981,0
3a2455fcf3699dca65ccde9045115aa3,0
d5ff10c18509277be7a4f62224826ec2,0
544b11459e5f2abedccbb7eca3972194,1
60003d53846038f478a78e77131b0acf,0
a212f0d416d8f52a979aa402fb9844d2,0
26208170ee35fd0cceb52b2086c60aee,1
d6f5157bb1558e68021ddfad5b713814,0
98f41cddd5f2242f757f11f0eff2d58a,0
0de2b027e7bf4f3fae98742dc255d2f2,0
f272871d4caf4c121ca13b12c7eee07c,0
06e6ae039013497d0a96ae2333bd64f7,0
2d9f01366b907d63ed0a5e4b322d1594,0
2bc2ccf52e2dce1c916586dd49473e79,1
abbf97f8d6be02e3dbc5d33378920467,0
53bf6bfce2cd128cd2a5400d26fb6ee4,1
130056624bc0f30da9970fb4837156d7,0
a97e9a7814963df2b5538175b9266c97,1
771a33408f26d26cb506d0c3e0b6de68,1
712fdcf066fc535c434d8d7d97d253b3,0
16de9d03811ac238a0830deb0bcb82ae,0
9690f01bf0280d9c99038186f3df0f62,0
b47184b25b90fe99cef22fb518d3db21,0
adfdf704886568a5ba1e45aaa44cf258,0
fdfa2d5e2437dfcad41d54268f40d51c,0
83fbecaeb1c687300e28b40e3789cea2,0
c211865abb5dd57dac758ecb3602306a,1
c3c3a3faeaacf4cd419c4a07e4dc6196,0
9087fd6cae30abdbd07b6a2a0bd893cf,0
4fd21b62db678c3c1e03bdc8d857f24b,0
8eacd947c3379e83bd9119bcf02d7d5c,0
215c2b169424bb37b9c2fae439b79d8c,1
e4bc83464953f9085019cec3b63fa07b,1
9718cf185d2bc85c9fd6a4b8fa0c7906,0
efa4c210c72449154407b7476deeb61e,0
6e5c6a8048cc6821ea71f155ec9453f7,0
179c7ce66aae88687a45b3ee66abcbf1,0
d6bc2e2b3642f88fe1fd75a05bb2a070,0
91b2eac0025470e5a555fee25f31f43a,0
d41fe76fbacb2db4408a3755aac99742,0
b66bcaa935ba545efbbea297e9a7c974,0
b3424c6fa5a417a6dc4d59d956228bf8,0
0cfb1e39b9c4791c7be6ec8d622d5dcf,0
4fe087dbedd13dfbc9562df340c3fba0,0
088ac1eff909823b319f27a0c4b6090f,0
7ad35643bdcc0564fb92ee8f2b694831,0
76c85912de8d7b48695130962423115d,0
45950554d798ebdd3143783f74daa1a9,0
494c25e653df451f2040973c54a984e4,0
cdf802f4ac070fc10b6baf532d56758b,0
e2898e36e770c9e81e70bf66e257b859,0
5e7193ecf2f54607966a16097d4c7590,1
4cca84fc20a579e7ac56e0dc12b575ed,0
2377caec36c6cee4379d9c3cd00f76e0,0
36eb8416132ba81e942a305ecb45addf,0
738d2b93a43184b0f1974595ee24c78c,0
4c43a79a6bbe4e15a7755a87d3bbac3c,0
27371a97b61afd4105305bed79841e54,1
e08ba9f80e217b0ff1dd239ba16e2618,1
1bb720431645ab34d0d13ea1184553e2,0
a18b68c86b2b9c7a0472e7b8812dff50,1
746551008aa94405e659b3365dc4c7f3,1
e43e296d1816bb106e0eb81432923ad1,0
d74d4c4b5ba23f53f907253469bf3196,0
d3678de31b80d6eb891abb906bc6a0cd,0
27afb60b98099d5a5555e9e687ffe361,0
5091ac4bec875f0e34a282e02f01d4c5,0
219c583e074a7b63855ea274fdefa28b,0
c8e295ecfa6e16afda74b40f09574450,0
959db57ced32578a4c51e8794c6e2b27,0
5fcc5d4182072550c6a6d4e60617e29b,0
504ea4df996b38fd1ed7b3537a0989f7,0
27f68d2f9470d5c3ced6bf0e3fa7de68,1
14d79030229f392ba78a7c2da7a5109b,1
1f18af998947a2a8abbe036128c30d81,0
963bce5357f2e98beb415e5c7bfb4b8d,0
d59f4ed333cf1c9651c21ec93d1ca7da,0
0b846ab6a0b66a34c73388203313c2bc,1
cce57b3e05cddb7d7925d9a27f92cdd8,1
5e14d4ddf2bd506d4a9ef85917ae3a1a,0
634296c9afffe1b493f27c7070e2f11f,0
37596e1799903ad39a3c0a7969d1cbe4,0
3fcbd36608244c343ef5b8d7cf28d7ab,0
bfbf5196854584f8d67639f57677e277,0
8db3a7eb023a1c3ab35c90a3c9df8ad5,0
2d5b9e34109399c2c5156635bcc51c3e,0
462424c20a3e576de71216040385db9b,0
1c19b25b8370f774e919ff4385f11c39,0
b92baa0f399ab051c874b903879ba910,0
923542e53f69b9f4e43b7de394bcae47,0
1bf1a081b02ca3aa9e37576fa91f3322,0
ae5c23ec8773b447fcd8bd00e051593e,0
3c70c23259a094d517ec0d21023f14db,0
234cd2833ccd92049539bf18c5bff463,0
e99805f0aee4e28fa10bb64b17e3e5b8,1
cf20aeb645cdd252c3242f524dbab461,0
ad5e035ed5f77239a176f61b7b7885bd,1
4a76c221e41f8a29f3d5dc22c1c04909,0
e3b3ab1e33840515b466ecfb411b0a1a,1
ccab9bd7f74b1035de2c84b0408a811c,0
10fd818437a67ae65a03d4bd26e59490,0
7cdbcd6f1dd7d4f32b08bff9b6f03c2f,0
7e2a28518e407276415d631eeda6b4c9,0
78c7364d14c4b470dba14ce79c637f4a,0
4a977ef50d55c0716ee90efaffc9b127,0
209cf985936b0ef8d46ce0a8bd50d3f6,1
d6e61c39013627b7943396a2325386ac,0
dac79d62a65b4759810628d43c32df84,0
392b6b699cb18209d861434bb03e8951,0
4cebc92c8c3855363a1f180bf0895002,0
95a85ca79c680e255d1f5a70c996070c,0
073e2cffe52fd5c2280107a5b98383d5,0
6e6d8419032129f562d465807231f81e,0
b6e33888083126f8c2c79f7a21f0bec2,0
4a920d574a54eed93165c4ebfe335a9d,0
2ef44c934bf7798df4501c44d6719572,0
2004ba045b5119e205cd5022db2d3ce4,0
b6df59ee2d752449152f56f9cb5a9052,0
1154b3eca8f5a818484a7f05f636eb74,0
1723f72e7f4ed4da79ed6865c68bec71,0
cb8b27c70f2f9debc60e1a1018e3e28b,0
0ff11495525234aa6dc97a0ac120f508,0
7dfaee1e71cea1eff49327378bd880de,0
0ebede490965929853d3348ca2a284ff,0
84d608e0eed2dfa1660041e0b35af2db,0
00fff72547e71fd9edfd89b44bdeb7de,0
caf2bca138079521aff02ec4582511ef,0
1ae674c628c668ca00ddc004b3899af3,0
b120e019c30938314c6f092ae4c4cc50,1
cafb191540c306ddee5ef407c0a50b96,1
f525389accb257cfa91686a81d5823e8,0
56dfe5932329351d2fae68ed757722d4,0
c856079c066aa81510a8c7e5c67b1a5e,0
fe227df8c8bec50dd81ac4d05c92f470,1
c5cdec419f294c53cce85c4150b0f479,0
e8623bf84b12cb8b55ce4b2d636b7a0c,0
0b8668117333d7085300e5acead882e7,0
eba53ec16b0b3f18d9daebcec5ff5a2d,0
f12a9f3a221d6904e01e23ccc2b57cd1,0
ac31dc576659b769168ff53bdc55f03e,0
47e075eaa45ceddc92505dfc78ed74f2,0
5d94c973f662510576f6d307c79f1fea,0
77d7181a060e57c1095fa6be7934d353,1
ecda46f55f49275e531dcdecd965ed36,0
f3344f16b902e5b3e2c795ea59b25979,0
e585cf63e0ad4aa5ca7b3bc0e3c74080,1
e1af06324645966c345946ecdb4269eb,1
9b139df9f5e86133ef1ea175fe957850,0
cf1da7d5bacb7f6dbf9fe502a9fe1cfe,1
c4916661e0b0005d384bade1046c8911,0
0eb24e114e051252203722b716c45034,0
706be4f3e47aeb0cd103f6ca9ebeb416,0
845367c4f58be612a110bd812017d4e3,0
2514eb3f01495322275b098d5f580c6b,0
baf4e96fb2cd7ba0fbdfee66ae76fc3a,0
0448bbfc89755b0e6eac09998e77dd02,0
a69b6cb9f073744e3ea1cab0142a8134,0
432bb47295e0400958740039a961feed,0
a3b1dc991363e0a5cff2d1e54d193d45,0
b577eab9ce9780815c7fe3ecfc7bdaa5,0
ca66579730264d4c8bcd9dcac9f8c061,0
968c15c0fb6b7466bf9311a4e26c3985,0
1b015d25485a0aa52842b37de9f5bc41,0
87e6ae34f61616cd2b59759e3f767ced,1
23b5af4b25b6374c1eda6ca46c427dbd,0
268402d312f6ea166752fbd44f7fdb98,0
1377ba75030bc495b932d188280b9ff5,0
cf6a1485986332627d0b3397c6d88254,0
b043dc68f3c46722fcb98ba3ff6b2fdc,0
ada7211fd9e1536ac429694614c31bc3,0
6f814788134e65d2f6cc36aad9381c54,0
95ef2f87a84b9e86481a7c4523e8e523,0
a1b55694b4f367951f251674243e7ada,0
d6321df6d48443c6361701185df5975d,0
00896c5b4d266ea951d27b754ba33554,1
7b69cf6f386dc576f9b2f7980fcbd506,0
6557c470bd73e4cff0a6cdc8d63ec31f,1
3e976ff0526b6054682563c08124ab4a,0
58a24125d877c5c7d54458f2c8f9dc3b,0
105d9a8eb29dc76fd3246c881c52c953,0
604ee3ba72f0667f0864a1d7e2e697b0,0
d35458256b9e9b340a0e3f31ce850947,0
c172f63a46a74d5ef4bb6b141d263402,0
245ee461ffe9ba3ab10d663cef9f6a3e,0
78aac49c1a076a8892bad077decb5d09,0
8818d7dc43a0553048dc11d0c694d8ba,0
29ae1cef66b48d3563c08976a8435d3f,0
e6914a8c24fc8931ae6d6e9f45875011,0
57eb9551a717013775536db95be188c4,1
03494616e9aae8d94aaeecdfea270aa8,0
a8da40327b7ac6e45886184ac73452d8,0
f6b59e5aaf22232d05d63d18c444270b,0
e54785c090cd23895c2ae96b088d6fc6,0
fb8f3a911731a26e2e86ccfe5f77a221,0
e3ae2fe6765076e323cda5369360acd4,0
e45303421dcae1cb151970efea541b31,0
1ecee517d02e6109f714e7a22ef2e060,0
02ecc1eb42a06a27c74e527e9aa77a07,0
8c478b143fb84dd58c4b84f0a459b8aa,0
824fca4848ddd4a5b2d219006b71c6c4,0
2a4255ee26267e47054fbeff98542f9a,0
57361a1f361ea994dd305fd321f5a1b2,0
e4955b1e81f099a191d3da1f00fa9c72,1
e07ad0d88f42f956cd720010d1858765,0
93467098407d430a785e28d9e8a054d0,0
88c0666136c33a5ca490c9950ffc667d,0
24edcdc8f7f02ea74dcc1b6f76c7799d,0
f09ab7957da0cb6272994e2d928d4434,0
d37930717decbcacf9a6a03421d3af1d,1
8c1c84c4f8e7f203ce40bae44658e7bc,1
b1ba0f9d5dd7d720fffd325a84e3ebff,0
fbaddfd19c240280530dfe4e46224efc,0
c369fd644f0a4a5b2c8872e3399e82b7,0
87a937cc1a4f2111aa300aaad4005726,0
c1aa9181705a5c4698ab7d5fdbdb2b16,1
963f26a71f2e6d5549457854ef859a49,0
4600381ec8e597eab26442be4d827495,0
f0564ef591eff5feb9a2300f55397c39,0
dd44c8c7392ca6e6bafd9376135981c1,1
dd83479eb7b1c19116d40f3036a8574e,0
1661ecf6e9160c8ca61f70d25bd303b9,0
cd0c434f88c58450867dda21819207ad,1
5824adece91bd7a7f860820df2fd92b5,1
b1eb9f77f40bd3a2645219129cc109b8,1
61fadcb1106b5de6e34f3382b36eae73,0
8f87c2180a11d758aa7b56b0d1a62fe3,0
efcd018ee54afa8376674a67aa9efcaf,0
4eb2058dfa8e2b7655b68ec3b70ccb78,0
1d178300cac8eb6bc3ef2162ee9e7fa2,1
f10bb33a899b4bbef498c92f9f7a3056,0
d47c673f25980d2db4e6470e2fe52124,1
1b6c692cefe52ca883d8dc91db512f26,0
8da9d1a79212a81acb0553fd0399d537,0
93b7351adf7f9077f6896f0c348316a1,0
b9c9131d7692cea4e6950d7fea9a898a,1
4d631483578af98181ddcbf2009f7475,1
6173d0fb889c8d147be47da98b07a01e,0
29e4f41094391927d0be1d067493f426,0
f9ece1f56f36e551815d1b1f266e0096,1
657ad435024de8d1f0ae2c6fb71196a1,1
42d4265506c5e3900329b474783b793e,0
089a99b59831b6a6e8972541c601b949,0
af3d3817f1f21d050c6af96e9b4f7ff8,0
e2576e4cc950aa79cc5a1182df78c3cb,0
400126fa515ac8853e450cfd5d1757ef,1
3becd0b3ac0bddd7600c2b90de4fd220,0
0833bd622fa5543cab483937443ebc42,0
83f2b81e3d5b83a8e2e58d899a19a531,1
6eb5d7988355030b74d42825997305d0,0
a797a27e9ecd80beb034d862befc13f7,0
8f3c819da74e309876fd935ebae6f196,1
d3610d3c4b15e97d623869deb2453fac,0
e9ad7a5dc0c4058c7e931f106416f0b6,0
a7ab63935402b80e9d58cb19e2d7cda3,0
074906a1ef265a8bc355f6feaa6dcd4f,0
a58c901e5b80e80acccbdb2a2111d9bd,0
7fd98fa05433b7717d14462290957a4e,1
ba687adb6180edbfece0ef2d34c39381,1
6e0cffd42668576cf3a72ce91881dc86,0
8acc98d0b427abe471cc311abd3916d4,0
69ddf0d787407adff57ae36639593f6c,0
0e48802d519854ab39fc11ccfa54b90f,1
f507e3a47d26e45bb51b48b0212a6e35,1
3ffefa08a65b4a16e536486c6172daea,0
55736430d2eba0ce2b75ef79313d4ab3,0
b62a857dd66572ce1f0053350f2e38bf,0
ff4f995ef5b6081fd3e7ccd9766b65f8,0
4a419e16c9f1baa826d5b6822e66d653,0
ed9f0bd8f37f987d47b1dd929ea5c777,0
6c72bcece22be5c69b6719a8c42e46a2,0
7cbcd83aa7d6efbb2fb48210901f9471,1
9735bec48002a739401a679d0a2479f8,0
36aaa6d75be7d49340bcf850ab9ce19b,0
2274828a08a49321ad2787bd9e5f3d55,1
500217e1f3f9568794bd82d1d6a0cabb,0
eba478aeab20c7f9eafaa1107ca75d20,1
bf35a219fec0b2562e0e81e867a7295a,0
b8747ae9b611e8fe8f518797fa74cb28,0
f622e70f6c00753b878f5b5baed19d10,0
032d4c11498a5753fe26dcd2fcdb8d57,0
ec2b252a6dcc8387cd24845012d2d4be,1
c39a9facb5767be2ff55408fc546c969,0
c802b9bce28a034441c04916612de4eb,0
ed575d9655cd3e9e04f3e8aea6cec66c,0
2ce53f73b0e1427223844ebb5b9effec,0
ddd77d618a9ceb080a837c083936e783,0
47ee1575f957935dca63ead7401fcffa,0
d343e3b3e59d92055102ca812cf0a740,0
b354f6f8e665a8dc71f42c0c62848f0f,0
beb79cf29962d64f67c62ef81ac061da,0
1f2e57046544be8d3b681adbffd9a589,0
1be0281739f3eda09a60ae39c97b73db,0
74d5dc0d5318cdfd8ac9bed3e5cc4d9f,0
7a4e8ef6cce991cafba71a1b075aa4d0,0
449cceccb7f0c19a375d1f547a5aaf37,0
4e9272dadfccc0bde1df0d5f9cff417a,0
544d60de5c293de1124244563ccd7b24,0
1f39a80bc781ec0359b2ba7ad586f42d,0
fee0bc0e1acf7a36f25783270f261e11,0
7e2417979f19431487ba7136e5f6c367,0
a5fdd1163b37a79e41f7f79cd7e11183,1
28ed507093dd9370b0c6baa1f1582f2b,1
d1711552dc22e204a40c572c86eeb1fe,0
b143c32e36a1977a59cd98f6e11f8f0b,0
1e1b9c04d94ff551a880acbe6cf623f1,0
46313ec9dcc49e3e3dfdf762f6618c33,0
c81a05b83bf4a6ff6c903f1d871f6b63,1
ee026d40041203b3caf82cedfc3617b0,0
9ed475c1792b5c28f2e12b6d0c5b8a3b,0
f592e1a9507ddf11c45bf4b175579e44,0
37a99762bc9581eb01cfcf5cecd6a00b,0
c9f14d77406741dbde67baa0f452c968,0
816df914f5eb33246f849fd0c4fdf381,0
6c35e4750c439942df9e5af0f8b238c3,0
e4fb6a06c2312077263fdc7629ce5429,0
e1c1fd5374dddb14edc8253f1d633b4f,0
d1f0b4cdf423dba965d99c1b29d87c15,1
c9d352144312f5e78cb7d7eec78bf3d1,0
705c709ba1e4a5eeecfe2f5ae3c1ff90,0
b0316bfa3ee20785ff018ab8782f75bb,0
f1b61b8541f85be105f6b95fdf11727e,0
4cb4e6d0f7609af9f336f6321ddbcace,0
92c65adfdc51d30c96c02eeb7fc2cf48,0
7482b284332007830ea310b357f3f37c,0
ed3876ed8dc2cf54b532ac33d15bbacd,0
a076084465fe303f24b7cacbda34a9c8,0
5049f16eaf76cb8d66a4f68d2f63c68e,0
640d8ea0979a5f3eb4e6c76f9a2f8ca0,0
df6d2a709fbbc9aabaf75249d961a189,0
45704d95f029cfeb8e590c8e9e517917,0
739541bd6b0b81231a981d33cb2fa42a,0
556e7420e22ae26c95ba315187a38172,0
b9d0b90ce7ff85d6c82ce1b2f06e7992,1
04e9800910c0dc11dd268daa0bd8f12f,0
150fc6b9bd830b4f69b8ddec835da382,0
452884e66cd0ac0a3aaba7a1798cb376,0
49910b326525639c60eb9155dacc488b,0
521907d201d19b2e5d07b6d9ed943129,0
d02d145acd7a0de77e252f5092915d8d,1
cd79de12b5f65a0f46c9ee22c0c598ae,0
4c2711d7c93061bce65891d476c0504c,0
96f9370b67eed7cd6d538730c937cc31,0
31f00367fb8f25bd2ce163987dee773e,0
4c970ea9f20306dd30193ed1cc50eb24,0
b454798250bf0068bf78b3a1df0686ff,0
2dcbc9717f0cb428fff32b374f1d546b,1
7a311932e70bac36adc9d9ba841807f5,0
3c3eaa9a22103db07997d30bc4c7b4de,0
38e357e708f5ae23690e1fbd0a4dd7bb,0
95c238c88ce11b47597689735b439a99,0
15e47f97b154bfa9d77cdffb0529f306,0
482eb1307264a0a9a01f3cc201cad3d8,0
0b1118219bf6061196d8b8b228690c57,0
1ef92b3238b0251b18e713f7e6e25ccb,0
dbeadcc4c9f183116450ae7c823edfd9,0
8abde388b9327d5086064586a5031ec2,0
e9fb96f9289e8ca30f12e836d39e702e,0
c8ab0fb52afb204902d894a2700fc6fa,0
d457c7fb525caaa5a9a66d1439acef37,0
587b367dbd68de01a3cdedef28bab62a,0
69de0a2d30b57e3b0bcab2b21f755006,0
5ef4da6b7db9ee1ea10f3ccb25860b39,0
0fde8c6d5b7ad09fd1157bdf14887a2a,0
b61baf666e8e1cfa7826f8ec01a5c5ac,0
4e2ab6ffe27cb1e39d00c9839307abf6,0
868b1de58f4f23e241ce7f89d0983c91,1
f2fdc8c8fe3be73e6abb5563f2138a5d,0
f88ddaa29b58c2d57e4943ad5820b9bc,1
84d4d97fed61dc377c6b00a4c83203aa,0
227a4c4278a168b123f5bd2c0512274b,0
fcbe72498d8cb808d788bcff60d4a6bf,0
3542e20738d35b9708518ebc5fd89156,1
069f1bf8f7b4039e82ad8e4bfad2e651,0
a690a22c6ac9a2248b42c4f05c1cc4ef,0
471b0f4e96c2ee74325d7b621928a7ff,0
2914d13368d922e2f38a8db612d098a9,0
101f943df47bc7c859e78b3c82ac72dc,0
dd734d7ef3d3a0a1c126d4103f20ac7f,0
5bf6eb2fcbe59be6c3ec296963455bf1,0
909c4ec7a07a9452797bea41b1273924,0
38aec0ba55da302fc164198b62081032,1
7419d99f2da3a45adebf00dc4247d60d,0
d9c2f665cd75fb0ae263914a5e47b73c,0
7b07371afce73b088426e5e9d498bd63,0
6734f5a1de8814e9e5ed386cb49064bc,0
9231a80c36c9e1e09fad9c68c287f801,1
0c3b2c61ce09c2cf7fdea88870943854,0
fefe760033f2f599224ded27f277a195,0
7daa8f02751b0d5314e7f5e0f0da74e5,1
78d7d87b47712f91470b1b1500c1dd19,1
3b387ab4375f2a9d963c1cb13695c458,1
7669a56c0119e982a9d0e94c42331b12,0
97fd0a1ab3122dc24286257fedac1696,0
2b8fa3812e2045ef4d511954bef6e12b,0
b5bde35ab7fd6eed3e405d787024497a,1
86f07391b2a9f01d218c81c5f7655721,1
30b734d4badac4283826c2bdcae8153b,0
3001c83cc89bdc45183458b163b2311f,0
d932727647826a018b7e9eba8992d7c1,0
edf4e48abaa56d2b4b15c2ad56464ae6,1
3de4381c16cb42e28e887243c6da6b6f,0
bac34079b48ff6fb1a8c28ed9fcec002,0
22eb68a21639e1fe0e441a46bfedd9b1,0
25b622ccb4e3c36487f94a11208479bb,0
972bc275a9651073a3ac5bb8f3083e3f,0
ce59d9c5531ae0221782fb016fe19a85,0
81d37ca5265709a79d0ee0b51065aa57,0
7e4967b8a11a67519d2cbf388549fcf9,0
8395d79ec94dedbf38b0956bb0d0c969,0
211b7a67b183f779ae321f2eb01d63f3,0
c86e6e30b3896dfe0ac961d6dc59f842,0
da3eeb475ef0656b6c467b7ad59aeac5,0
c170e505dfe1c997f1f1dcda65053917,0
e4d919e0fd127c25a67516e632a89da8,0
28a44002c7672f6e398effbafb7082d4,0
36c5af6de4dfddd2833ac8404e55ec19,0
3e562b413797147e39b87d1e9e1cae7e,0
928302c4d72d7b6e72a090790dd6669b,0
a9d90ad3cc31e6b402b23ab95ec9eb4e,0
2917aa949e82e117ca5f6f8c44381454,1
070f35f9a6feeac848459c1ef163ae17,0
be12ae517a7131a2cedae9b3e0666621,1
21913028dbf16015aef9a67e965479e4,0
1169d8ea1898d2c275d27606cebc2034,0
538e507d0c93a12a666e3edafc317d84,1
ced7aee4e67f7eb35241fd30ff3aa315,0
b05d97dba0703d2de33f6fc4cae73edb,0
5c317b4f571d882111ea2a705cc546be,0
04c038159e483da2ed8f440ceb28283d,0
4019ea275595406732cd4afc4dabaccb,0
1e7947a4052b3852cb62e133b60afae1,0
61836bba8f89715ca6112171c486c773,0
8caabed75a72369c5208966e63abbd68,0
dd57933be0a7182d3a2d0ae4423eec38,0
1a7ecf286db7176b4d20ac6933d148f6,0
3e202d2a7046edc31ee6269f57b440bb,1
c3d79126ffb607b1fe090377e31b3d27,0
21962f18716cf98cdc288f579ff16d37,0
65c54db58dce40635a5931f92bda61d3,0
a2bb7941252ec8064e6026941cac221c,0
51a2096d9219e2d417c5d606f827acfb,0
13a998d4a96c006489a5ac0dd381174e,0
3f503edd00eb82cbb0a32bafb58e718c,0
d4cb88167fdfc709b06e8e24eda56fa9,0
e5a1c165733bc5f5437ed8bd4154f171,0
eefd6ec8c4097aed4585128d8b7f71c7,0
d78a099bcb97e4947e0d7587b91e77ba,0
fdbe4667a4cbb13a1b0dcda119a572bc,0
500efbe9350f6d40696167f4915ace5d,0
d54d1ec91d86434258e803a0b5410643,0
b3ccc7a87432b21ca11c5680fd650227,1
074235221cab4fd8eaa30c6f54d9dce4,0
5c985cc749b59cb92f541b2c91a387a4,0
23d02d67d9315e91b327dc93b4e1dc7f,0
610ab2c4c06d0e32233ba6bad74de27f,0
8e7f3a7566f3cdda4d5d4fe01fb059fe,1
4fdc5d74deed66baeef9dd9c35b9f4bb,0
1d41bc760e233352a8311d22893fda7b,1
9b835a2baa896ec1eaed43d1e0f57e03,1
e2ce1429b399560a9ffd5d6edee21379,0
be42ced7a531d4f4a4ed6dfa81a321c7,0
42e5eb0841d388fe77bc443f1a0ab593,0
47b837570f251760520657937be9f3c2,0
6d09f95f38b02bc756ae283261f50be2,0
c653babecfc379d34e75e639678cb361,0
9dbf633aa78b08f03157ae91d7199418,0
b46b573e33dff3ed642be4919db7137f,0
b2fda9740ed4bfc4e62f47eff3cd6c31,0
f1bf3da966cc23fefc01f0117f9e9ab2,0
0ec1285a86f4cd343b59bb3133821275,1
5f33c606e6116a261afe7938e15452c7,0
e458b625e43fe0b6ec5301edbb21b2bf,0
ef1fe8949e5af74568acd9496ffab558,0
4d8013af8ab976fcafdc1ac20207925e,0
7d3dd185995edf72bcbfdcd24ed2ef71,0
595d7cd4ba36fed16a20b4a12207c169,1
d7020369017818dc86483a03176cdc9f,0
596c52c21ffd9deff2cea36eb32c881b,0
6866bd82042555ef22d60a3430beea0d,0
ac8120c09389d98f0662ea36ec9975a9,0
4355ea4e7fe42f228b327cd29699accb,1
db53428f5f6571beb6d80ceab61a4c8a,0
2a059006aed090e3bfb226071619814b,0
0d02388088d4c337b3f87b878cc683f7,0
755bc72f27c1de4b534af87611c50356,0
538ef5a7551849c5e038b6fe11f163d6,0
4b056c775bd6a07a689611aaf64c3d82,1
af73cdf31a7d71169b2be8dc8f34c8eb,0
72912246a06e67f57938850bd0a424c1,1
40cf4b4d53abd37f900b5ff8deb305ae,0
ca43ee5377970d5e4f6ba9e38fa024a0,0
617659fbfe1cb8d9f67f9707120bcf11,0
56ce595719863374c9a45c8956d82d95,1
ccbcd2f88e5e08dc0f09a49b3de7ddbd,0
a6f330350fca363dee775feff51d57f1,0
c3bcaae6b2d4e60f700af1d5ab3063ee,0
3fdec422fd46e6e77d09e012f1d19940,0
787a6cde7a36f6e1c620be3f46ba381b,0
84e7c5d1fd8df5bb14d2a1c676cad231,0
2f83d15f940f4b4327381e826c9e82aa,0
ca4e00984180d7ead20747d44ef355bc,0
f8721016ba1c1a3eaf54ed57c0c471ca,0
94b31e300e6ab881c30d3d114c85b122,0
44878cb1b66ba33f01205db9faa52b86,0
99d5dfd5c203f6222dd0a2f7c4a56bfa,0
8e023f03e35d799e5c7ba9c85b5f8ad7,0
1460abb98cb9d3fd556882d43023377f,1
76ef36562aec0709a04c0b2b40999732,0
46d6fc48372a3ddd317212985e4f9357,0
03721f038747b9b7624f1887d66e5445,0
91235ed37325a771766cc51066be6b20,0
936ed68eebdd2bb63c29cdc64b1bb1d4,1
81aaaf9bcd870693edb06fe1d28cf7b3,0
528f1db8a921b68251fde7708115a542,0
23fe513c2b8d7520cb0591f4c29159fb,0
82fe01a976c7fbf125989132eead0c89,0
bf408059b829debfc3ac8817a10fe190,0
35503a848a0443ba7c070315b53be4ba,0
3dac168a74d117cc204052da2a41137a,0
01cdd6ef4e53a5c23e919680f8b7f773,0
2baba4ac7d411610fa3bd3cd3837373f,0
12b8380aa18472b097e206507e327800,0
dc3f300d98ed337ae0df2b3b4875dc60,0
afbfd6b47c4ce29f69a402163208791a,0
5f76e921780471cae8aac58306789f72,0
6edea99cb656ea7aabd126390740d873,1
f303cc20e28b417126c45069babd863f,0
dcfbfb93ad6b7fe7a6c945557e6a5d24,0
3afcaca71f8590a020e37b72e6424978,0
0c70fa3e4d5c810b6ad5b2ba26a8735f,0
8df3f0ab9f8ff55eab76486efd9413e0,0
a954d00d485315c97e5dbdd08cdc7546,1
5e87b96dea4259f6fc1f9e836baa7e8d,0
5f2fa78da1ed2f179238bfc5376a0c48,0
9f3574b81da38f79315363232221c9af,0
d796cfbe16d196c77e9d30fa52737c55,0
75e91eefd8043d6d4e703681c4eed9d8,0
fa8ccb693104964272c7c66119575c47,1
4c45438584c9162ed95dabf0d78dfda2,0
df2051c9c49fe4747f3cef5388b80445,0
3ec3c6139d821c199117437ab86324c2,0
ad1dd05a9a3624f55b7324d272db2622,1
0edf25b7df223924f6b8849739832dc0,0
9356ce4a8105ccbc40b5f84e78cdab3a,0
cc9cfe37fb1edee7051a1eff7f98b65b,0
644b6ebe781ea0942e153e681fdf34a4,1
23c5c0645e3b38de5debf709c775eb54,1
16b0eae193d19904f7aac10debe03a33,0
7bd2807b564ee1135ace877be19c3b2c,1
cedbcf15733be30765beb37da626e120,0
35b57ca7589c7d8d7aed5a6ca4e44b21,0
c85391d89d20b0cb1dfd54b1f7415720,0
0d5ec36aeb97673ceba0a75e43369c7a,0
dff0bf10b335dc38f8673a435ee171c7,0
873c6f40d19d604bd9d9875e2865de8f,0
516dd10794e31859d05802621cc45d74,0
a66d7b47b21c54ac91bf0576320cbfa7,0
2f8c71835b2c51677f378e929ba42978,0
5d4cb110092d75d7998dc7c5af282235,1
b107bd025a9b3e8a18d5651a19f99884,0
af00af40c1ea5f5f54c23e83618c7a59,1
1018bd53e8645d40ba791553667ef73b,0
8dfd46294be9327cb98fc04e19ebacf0,0
8f7b73aa2bb54eaa3a2f65ea5801d586,0
f542f37935d8c4e8e878104bb1b55b74,0
7eab15fd6ee6ee0f2d72c03862e78af1,1
dc96da7dd9c5756ae18e714eed1301ea,0
2aa46b5b34ad0266bbf5233335e442dd,0
1ff47187f3c06e813cd2ef21414b1a17,1
e082e7234cb469e2e71e4063136f0665,1
6baee705089af40573d30a610e52a2d7,1
edaef1de1120aa18229ceb50adee4a73,0
e95064c180902a9eb60cf5643997e2f0,0
f034e2763f4b05697a3248108e9bffba,0
45e762e5ccc9530dd2b3a67f9ea67329,1
de8e9621a647498a5bee619fcec5ac97,0
b40ac84e0537c4f0f02e1e8299d6d345,0
f77101c8307488da0d86ebae0da01b93,0
1953201f24375c3c508dca57fce2dd73,0
0ad5c5c0682c1406cf48c1b390bd97e9,0
d5ad392dc01be5d7b358922f1906cede,0
117fca9a5f1ca174700146fce546f0bc,0
9f0dfca57f8e3c1ebbc895d5bba848a7,0
ca8cbb4b52ab7e2b8bec5c5918271ef8,0
5e90dff26b8073232faebc36ce1eee67,1
8f10295f0b4f574943d14ad6f5aaee01,0
8ed53a453540ac5194dd4a39f0d366c5,0
5a8ce476cf8f23dbbe3d5a4c8333ecf2,0
a0ee6e338564f0cb009b966f733b400d,0
fd83ef4eff79e613570fe9e22793885b,0
154f6ad3918f7193d2207cc699a5254a,0
e50feca4ffc15faffdc290fb4e4eb5ca,0
402ccfdd3729ed925a334ce6758448e2,0
240687164d30f30e0046839b0dde18f4,1
0c44e02ecb91e837fe49d88c3c5c41d0,0
e5e065fcbb99fce0a1563bfd12b3a3a8,1
c9b9fcf607d1478f1667b6c44fb8141e,0
492afd6577fd1bf3e30ef20769658850,1
a3261e689a2f158553d33647f4e5fc55,0
55db7a7618bd321fc930854ef1a1bd78,0
a1e2e3e03220a2e9cccc71d3568effb5,0
b000051cceec635399bb9fa9e5cab214,0
064bb06a48e58c441654465c223b921b,0
a56e19bc3806e4171150b383580f6163,0
e94688d576ffd9eb1e9b9d73ba6f1f41,0
e9708a6fc84bc40bd891617c946c4360,0
cd739689b9d217c3d327458067f867bf,0
28d99b65c370239c220e8976e2774adb,0
ad5f2f222691495a8ed15784241c06f2,1
3cca6c90d0c696f0f2e3dedf193dc8e2,0
bb269fbd739eaffeb54cd93a83f7a9e0,0
55dabea05e45a1003b2e22a480224455,1
4926385760440d2d37f50985ca6512dc,0
7befc2915852b8b10b74dd76e586c0fc,0
de1d21aec2e81ca64120cef5dab8e126,1
cc43474b1d32c2a4d5a39e8877a54554,0
3e5f8b5c4babc4a7340f9f323e1aefe8,1
dd49f73c88a406465d06469699df65d9,0
b4a4b7ad59dcc15bdd7d2a085d69fe88,0
5bba15f4f9c3dfb22618dc7c76355e90,1
a520e5786f441e0e02b755706fefdbc5,1
db22de73fff5b80a78ccccdb58b9e521,0
6aba257bec4698981b9a2896615cdeb7,0
e62977d232827418ca382700fbdec4d6,1
c3f3a75cbdb4705eb40b2bb39a785dd2,0
01f4faca81dd279ab198c43359824f55,0
bcc7ec1d0797bf4d20b2ff90e29e744e,0
dd869c3fd10fae25ec627c90be09b663,0
3121cfbb59a90f0d32aa5f228623de4a,0
41a296b9e47755605862a4ec87047987,0
5e5473d1d74724761bbcbd62ee8c47b9,0
e31448f5f6e7cd4e1b52cbf624615ce0,0
6422cb8c23e286cb30f7529e4443054a,0
22cf2bf100a056aaa7b4fdeb630b425a,0
65ca828bc67a8dc9228a297ce7f883b6,0
755f7cb6ce3452d8bc7a33e3ef5c67f5,0
4af071168a2691d0e3a670465106c96b,0
260fd53b5dd9bdcf27152780a803d6b4,0
fce037865e4decafa57426dacf96275f,0
4e29232f30dd7e885312db591fa12cb3,0
f58139d06829f26f7e39bdd8fecf9204,0
88d16bfbc2d336fca5aa31ba52b4ff5f,0
02814d8fa7d20cd30396c25f8c3ed4c9,0
e9a34a0a0b7071e15d428b779a2831bf,1
0a442424bae56f74065c6e2f00eec335,0
7817f2d2864e0bcd402ae76efbaa80c2,0
0e884b8db8e31536805f7bf73cc3e864,0
8ee24ecdb1423eed2b345899aefe6f6e,0
d67119fd9f30f8756b9505e98b84b2c7,0
60da7ad425af405ad1c8f9aaadf134e9,1
e83c36ce917ea87e623cba6c21cd1bf3,1
d294db1e5578cd9bc0c4f9bf06b85698,0
aab9b56c561ec4a89d1d020364deceb9,0
ee8be7bd06575044ca3046ab417906e0,1
56f44adcfb8c6603b52cd33ff4337b0b,0
d2c4dff25ba74a7bec3939c16598e635,0
b6c184d3d96538147a3f28250ab884d8,0
89d196882e44ab6a3f825fe123b56781,1
4db8c1c853017c596e8de9259e31e876,1
1b0cb1ca537c990c230a67fce3b13e86,0
08f5624f86f04ba96ccf9b36224682f6,0
5d3ba947a07ffebde7a96e04bfafbeda,0
6df04370baeee18802789133c0c896fc,0
d0a4a9f6cdc7c445efb990ae34c959cd,0
05758ff0bd2c18dfcb82b478172f2619,0
d10667428b518025ca40e5fb14171439,1
2cf2107a4efd8266d4e5f3e715a2b90c,1
3a44b750e25a4ad530c2b1a0454039bc,0
43f5fc8aded5921459997e56f705e6e2,0
1c39f489d21ae3f8de531798bdf57f35,0
dc436b82ba97e933d7543212040f5d3e,1
b5df96208ffeb26103601833f1000c46,0
712517687fb213c45c2d939bb32416a3,1
9bb84cc2c62c1dfdcf1a7cb363cb3b33,0
1a1701b13a5201adf4cd253a1287bc4c,0
754b166bc44ccb407bcba988d8879091,0
cdb9471a606cad8d83216e4624e936e6,0
cc47e468305b0f066ddde289ec85906c,0
e4f8f5846e8fede767e65cbcac3e366b,0
c01feabf46831a9213b56cd0eacae5e6,0
77806538aaa8dc0370e41ad47a6fcf55,0
ad9ff34724f9f37608db61309b6af3b7,0
8a5f78d163ce35ce6762ef22050eece5,0
a7323de525dcb6ba354c60021e103000,0
7c3a62b920ce5a2f5a553ac556e072fc,0
c6455287cd216cf140a4b894903d73b3,0
1455b542eba1fb8c6c97beffb78397a0,0
a4cb674b2d4f792288a692baf39c2bc3,0
8b5356f1aef53f5e2ea905666668cb9d,1
c6a1ab2281929110fa040d7cffd4da50,0
b87b1b9fa88fccdb3c483b8fc72ee3c5,0
5d595c1d59f770025169616d99a59f8d,0
dfa2035966815c8030475370f6d8732d,0
1ede6ae2d5603a9a134566b2603718d3,1
ae3b20e3a72c407be63ebecdb8b033fb,0
287463be7e34fe56302cb556191c367b,0
298dc5f23d5cdb93b5f573fc50bb084a,0
649c0d749ab5de9b4ff96e7866c930bc,0
22aa9058f418f349a6a2cbb27fbaec15,0
4bc0bf08d93f02c636b0783e91e75115,0
f0986ed14b41bb4d1657514db685ed87,0
2320ed17cadee4d28fc24f3293c49dc1,0
383b3aa107c5a500266895b93e26df3c,0
ad162e0e557f7a4e8370c2920b7b7239,0
b68449a45fcc20a0006df166b09973b4,0
3575ea695f6b97431ba6ab0016b6f5e2,0
8f3a54739b83c35cf5812286f44f8ed9,0
10a2aa452781841b0ca485f3dfaed6dc,1
4043fe1419640dffea2134c7457456aa,1
1f1590396388d0dd7b6dea3d570f3655,0
5266f98a9848cfbf47c8429f94176b69,0
28fc85a5898c571c6c5f8801fd470c59,1
2219d340847ba81135ca1f32abaf4e60,0
766b738af6cd54e67196c5de3e2426b7,0
5a1b8e58393ad3313b3c738b5184f67a,0
c3f003b640c740457db936cbae0175b6,0
438fff3b1f767a20d36330511d367ecc,0
a8687a0a99d603c5cb56071f97cfcfb2,0
6b71fd18f9df7c7d2ff307bed4fb561a,0
a8e4f6ae141a70a0b7c422c165c88cba,1
e12ea17646121f282f9ff6e6170366ff,0
c7a1a7856ce50a9236cd59709a445e1e,0
23071adaea744f036171956b2285f9b8,0
e0abfd785ec007ff51736382d9625221,1
ddf36c7253560488ae069747a3043dcd,0
61751280c980ebf8c32e8665c0e42c87,0
b1addfe81f4031e5510e5a7543f2d8d4,0
547c2f58f5d374710d412c24a791313e,0
7add36a6d5f4617d790708f947c845e2,0
2a53356bcd6be294362f06fe2bff662b,0
bcac9f01c075f3db9f8d3a3548f38d81,0
11d9dce7fe8965847b75ee6041491634,0
85e88265c7240ba4e60c0839c3b5a2a2,0
960ae52da8992c59fa843f288f0de57b,0
0772ae098826fbab9a0a59626c5d8fa9,0
085306c5749769730d5fd35192582d21,0
03539cd3773a640268ce9910e60c900f,0
25ffc5051f3902c4786172b3fd055aa4,0
8b9b11f69f696ce8c1347dc95ce94aaa,0
72ddaca0f7704253b3e44bfaf94aa697,0
1c19208112843482eac43b1b27acec7f,0
f0c8e4878c5563302ee82a4b0fa32f0f,0
9a4c65bf1f94a9f3a473b9953a2d454e,0
11a268a1f845675f38b0409152ec8920,0
3bc4f946da7aaa87c637c68d2de61984,0
26f333f9a636921e74cd304b92554bff,0
b379ac46b4fb34c7296d5beae2453016,0
8993ecc4b2e79d6716f43d7ab7729081,0
7ee6c87afd033b43e89fbf7032490273,0
cc517e8b97a86e476a14359edc384536,0
a6af04d62b7d41c5bcd848de332c4842,0
5ee9b590d09e07a303f36207000a5350,0
51928868e12043618a989deb68983d71,1
41508f3cc947fcb78768f77bb5600dae,0
aa4e5fad018deca2cb249c1db8877d2e,0
f876e048de0eac70632130c0d97c2c5e,0
80fab7addd75952deac472f474ecc104,0
33dbbe2302adb6047dfd85ad42eff049,0
f2bda293c8daeb0b1fb69bc82d906489,0
a6e62229996889080dd87b4aec328a07,1
871675b9726558d4d7bbd6a9639020b6,0
6f3bb173197d2ad06127b70f461ff97a,0
453eaec05ad8d59eaba5155e8ef7b860,0
91c261d06ffba562e49b9e10f30230e6,1
4c5223832c0fdb1ebeef110fb48c8f4b,0
22b4ff8335f2892535abd9acdfddbc23,0
7bac520950195d7162f9a5c09fa4ddd5,1
55ccff75a82d95c461f93cd84ede9cd6,0
74bdfa6d58c1eba9bc33b2ce88ede082,0
5c9efcc8915a348942c15723ac54606f,0
a1fb5124b4df478571301011b3fa0a0e,0
5ae34047ef8276a543a7c098ee0a7baf,1
f078e1e8c22e33e0c16cf0640da7f9b3,0
4375ea58e001f2c63a45cad7325a6013,0
d8a13a900e11004a95113093eff882c1,0
9d893423e7440abdc5950ec71dba37dd,0
b161c0cf31ea580bcafffb847cd35b53,0
cc92a24ed57fb99f46e303056f1e4edd,0
936594a81a63e0dc67160ab18c5f646e,1
d87cdac422f2ff61271fc66971123e61,1
5e9a5781fe833dabae2da78926ffb18f,0
84b35ede117c63b8e80f1134a17a6eb8,0
26d7c70f110aa4ab465089e1a74b1ea2,0
9c296d015dbfd4e9a1b56a6e7be15ee2,0
c72398c7aa3c75bead8618f6a78e2acc,0
52b1c2041d951c8d814d04bd85cc8e96,1
36a3dd4ef353f699c9addf45303b2868,0
de72ae915e090550216bb883ac7b95a9,0
e450562cb0d0121e955b57a038a7ebb1,1
31b5747dce4eeed31ede5021b6d45577,0
442a6fb617543e03b55a3b68dda3cbd3,0
7bc6d79da10997f9374ecfaf10c4f66c,1
c98bc7550f69890eb99fa26895d683a6,0
309b5e66bbaadd6f74a206552bb9f22e,0
474e2c1f09582ba70a8909036171f4cb,0
8ca9e8be598e568597920ef1bfa46d80,0
92bbed0e9c0eb0b97306b7b08c030bc0,0
9af97b6cb02232870db887e93ea21154,0
27b642412d92a2e6bcf65b322c8bfe30,0
07ce78880822d4193b1ccb96c270fa99,0
e94c85dc97c7f117bd23157719f0a84f,0
5f534c02aed57dded11dee33d6a286a5,0
ab695dc46ec5942b5ce684bdfe8dab59,0
f394fbb86c6c905bf8224194518a71c0,0
faba989efa3226b5b817d970bc8bb4e6,0
18053af22a8b0c530fd3f41b52889c5f,0
4f684b4ffa1758a17931afe9b50da03f,0
7ce2e73fc48bea6ca69f2a9fbdbfc135,0
2cc4a9b883924bb167ff0c7d4b57d76c,1
789468d9c888eaddd6ddfa712fc70c04,0
bcff3340017a5ef7719b4485defa73fb,0
aa222daeba0c96a86b0e4b06bf03472a,0
58f4e19ba2df575ecdf5d61630a43ccf,0
2f18670bd322d956e8f67ab82c00f8a8,0
f6f4eba90cd410ba1f66e0e46ec30186,0
b82d799f29864e5af172aaece81e8c83,0
58d402263bb1869e1d5434e7074fcb6e,0
169a78ddd75b68caa02ece0770e41d61,0
a9b4391454434fe5699212ba405e05da,1
dfe7df8e938607265d85add7350683d8,0
2983b80259b30ba9a1f5fd3439f9d05a,0
86dceb5eb063736b6231f454a87abc80,0
b6e766a37d8298624040c31940e679c2,0
cedd3761a7747171174e5f2bf0a2860d,0
51a056ee8fdf1edcf910e463569c8f91,1
9cc47e4bb372434d42be1326d5d1e1f7,0
e3f9c4290b552182155b8be0ace1b024,0
fbf4e5c015816b2c77d7076f2b5d1321,0
edfaeb1f13488d15de3a5200125513a5,0
fec0fe1a1f54723aebfd8c8f22a332ae,0
1d79ddb5f01549c104a10400eb1c8fb1,0
198cec8385a6600fc1acd36a0881699d,0
02b6b9b25c596411a55a40a0c34a33d7,0
d969b4b76cca42763c4c8d8d33b8ba95,0
45142ed89fb6915d4258cd5469b28dce,0
9f45e66ed43b9f10572df8a0a6e8a000,0
44ebf22cfb8b3982620b97440812bda1,0
fe0170d6ddd518c2346d934141978fd8,1
899c6a1f1b5e127e8400863cf4b02f9e,0
1be317d74d8b820485e73366ee02bfa5,0
da5d54c9d6cd0505170b78d65aa881bc,0
dcaf3d013a2b4c22680ea3dcc143709d,0
4b9acaeac971c8dab579a280cacc5dab,0
6bfb4e115d67c82b5712d29b0305b107,0
c9e42ee6d833b029b49eee58491e4866,0
c1dff98ec0ee4ea53c7a047271fcdfd5,0
4fb607ec398e76f215c2ef363ca2d5d8,0
b7f202dba403fbf0490d7af6ff806b85,0
e468548c204b583483ea9d0ffa1d9ae8,0
c9a0fc40e5bec913fc8fd5616fa91a9d,0
d90c9f075d62250b22421bd3f0f6aa89,0
53631ec34fae2da3fb5d3508d7857ae1,0
969c3a18162fa06c5227831eb1254c85,0
99b4c19f7a50efc319a1479bdf61b196,0
837a1d5530b6224d9156c17c9283d88f,0
0d32957af31f36b82b905626d1fa8eb0,0
1fab76299f25731ee51be0b9f76881d6,0
a6499a01913cb738a5bab80f429c9c00,0
402e019d8d9720a7cc7c5efd5a2c71cd,0
1d9ba273fe6b1bc4b6690675d115ca64,0
a5f62b538e12b3d9b78e7cfb6da1608d,1
bf0c53f371a88d5247789fbddabc3730,0
0e6d9cc672d6f19dc6afb5a34544e3d8,0
b5b6b7ba309986deb30cad89f16b8620,0
82f82deb64da6aac8a0b3f5f2646d2cb,0
b3446b827aa09efd44a7d6bfda24b48c,0
3b223b9e7dcbd26f4c1ce8b76bc53949,0
a7a5a279840810ebfe458ba48c47ace2,0
0c71bfd0d07e806e379298cf1c8d0bb7,0
419112f0f7eb5a74a51c85dfa3e640f5,0
88d38fd693da05ac82dea137c3ea10e7,0
b9731a9ecdc62b3e1b07ec47f4b873ba,0
25fcd4ff43d3c57d5c0ae15b0d2771a7,0
c6f811595960baf3a921ac64d3e370bb,0
3bf2a2ad56fb7695cf481f6bdaf4982a,0
312db8d337e9510c540b0828d030b40c,0
162fa4ab45ae2f2e44fa1cbdbe82f006,0
662b1467346b41c1fb2d9f0e308ffca1,1
3db4a1725b8f11240f9bff1770527256,0
8d86e2056f95e0f92d700af7cda25558,0
5555ed7a4db9b2c3d788ce9d1b2bc1f7,0
92d34767d3e8bd34244c63ae7f8d59d3,0
fc2626631b4abf265cc091502671dc35,0
abb6ebdc4e4ccd7c87e6d853840b1dcd,0
8c10b4dbc27b75212d771ab6ac238f74,0
29dd3365b3f411ddbb2f6eb357cdcf36,0
34d928c1319f5eea9104f44a1b6b6d05,0
e047dc0782b7d615305d02c65e62226d,0
94642bf66e7f5cef95aa6876b28df657,0
f8f3601058bf0a687831046aac2c21f3,0
02f40b662b4ea7d6bc0924d874ef8daf,0
b69d25668cebefb687aac8a52102d981,0
40668b1fd83e522ab057b5f4eac22efb,0
755e57928babd398007da0bddaeed980,0
47211b5b80306e651744eea6e9a1ba0a,0
b638ef1907f88c1bed0fac41c18adbb1,0
5640ba9c24caf90963ef7b60ea384105,0
a0181a1cc524dfb5027fd0de41bbfbac,0
4c25f6cc5a888afc986b444573e429a3,0
bd220f56d2cc0237b4effa5e13dcb805,0
9652bdbf7f409638f2a90b0bf5d3550e,1
b81b31a6ebb7984d7184b573fe70b1ce,0
1b3a699371e4cf7f3a66f34c692f68d4,0
953d8eeecc4a1f393b044e2733192f62,0
2793bf1bb6c60c71e9d9e5d58f2764a4,0
5c8cce61ee7678fb3ef2eb008a148fe8,0
c6498e256c23e1eea28b60b5895be28b,0
d09c282d5debf15d01fa9b1668fdf720,0
96951b8aa3fcdd8f6c5d8d345d27a7bb,0
e03bf8c039b8dfecd0d4f0487aafd33a,0
a98123e477f05a8fa29a9730e7e8bc57,1
9a9e9fcf22f4158d2e917d46ecc41125,0
fc5e5a414ff5a0b753799c3086b85e22,0
386a1c1b38314ac0a235a34e662434d5,0
90719799ecc57b148912fa1fd1d6f06f,0
14e2c85f83759f254fc5586597b0ff33,0
56ae0bc44e8cdc1a356a0573ffb07887,0
08672ddb02157a22da017f9decaa03f7,0
d890fc0c25baeb3782ece53ba40d15f7,0
db26b75d48601c9a5439ccefa7e93ddb,1
722cb88284e2201ce3a7a509c7106834,0
d54b7dfd828ff229b58fb3a0519ecfb9,0
4f3f0b9c33b11eb76ca86cc9c25b3fc1,0
4fe14f150a79b29279f597c3c0198a14,0
6412b86b098039c02b310c7463b7d077,1
08009d92f418248061049684e27cd72e,0
67a40141832a9c02157350272451faea,1
c6456edc54c530fdafec349be0415b68,1
fb7a17c2a16e4be22ac9369995c4ab86,0
23aa855ae8f35c675aa691a61fd5fd7c,0
90e8f12f18e4afbb0d30ece2397f08c9,0
04cbb43653e66fbed012ac362308edab,0
fbe4cba43d38e01cb0fe50ee096bc406,0
77fbadf96903d59b6906fb0fea3c2eb9,0
23b4d17aa432524d5558c412edac698e,0
f3ea3081100c0ae9f858544f8720d080,0
4139dc2fb740d4a32857b417e4be2174,0
c762ff35db127daf081f99abcbbc7654,1
e0761730d1c962a459ec1f87c939cd55,0
153a5e7440a3094bfb566bcaa097f71f,0
4180101320e0ae8170c6b2a530455ca6,0
ea0b795f915092fd0fbf5bfe35307d16,0
e1211bb7c455ac542a9c4488b8b71d8f,0
c15619ff46f6e1a204bea64851820f41,0
4b2ffcb7364c31fe5878ca33fa45d9e7,0
fd6bdede5bc3158c1a94fb1b4c2bd29b,0
7084c5ff3508bc5e32c18b02c970fd93,1
c9216eac760da4b0e92abd63943af495,0
29d80b0c1588a5067e9816a7620c45f8,0
910b4d6dfbb7a399640bb0b1eb0cc412,0
66916b8e639b4271745977ad53d0267c,0
e1b73de211b75581a203c2cb8cfd3e37,0
4c845b2a2e2adf1c3c22b7f7f856e0b6,0
7684b10b7bf50e53bd23411098f1c129,0
66b557ebb5bd3883af37dd6e519bc927,0
071e0be18cdf501a43a58b342507e747,0
6a8e0d16fa30e6efcf564a6e8feec4b8,0
41cae6aec2e5acce470b031b783ea6a1,0
f76b60193d17d34df9c5f6c4e1048ba0,0
e52b27e6b3ba166c5496bd4cf5ac4ae7,0
29953526bc3cd54ac1c383a4373067c8,0
cb69fd76c1621c3ee75b24fe7f5013b7,1
d48978501f6317301ded12a8e55a6c0b,0
3cbbd9923d269d39d50ca5977bcf83c2,1
ee1501cc0266c7d6bcdf5558df5edac1,0
300370d7de69be295de4f38c99a9d209,0
f5d5476da31261bcd9781dc41838afb1,0
5164398ed942436dc03090f0c115c4ac,1
298581d8847e790e53c26d80e7115b2c,0
c705a31bc20828215fc2a588ca85b2a5,0
f0fafa4d73967c94054ffbe33267432f,0
3c883db6c9a173603e5b70715273919d,0
514fc9ef8345497c848ebb21286e0f06,0
97b64cc5867d890db4532ac6c71638b2,1
9757accb92e6a8377ddf01bafa2d65a0,0
6203042287c396684e9086a9e7889978,0
3bcb3d5e1f2adbec68d4bb555162a74f,0
b45e3c8a0dd008a74a02b0f5ef62dafa,0
b8c6e9aa29af1f350b5e29bc7ec68713,0
b2b2d049f174c86b63ccf1cbd006d53b,0
2270c7aa2e61bd343a8e9069ef02203d,0
4a5c22cc3f288184c5d78c136c3f143a,1
fdcb66a7baa8262b90ace3a5b3fb8776,0
3c86b9450b21cbeeb6bdf6e5e3af1bb8,0
6dcc9e08bb98a64c7658696adb7ef919,0
1b0a02acbbeb774ec53a24ad7bedb21e,0
c0ba841a5e0db6cb4ec64b5aaccb6bc5,0
a7991d0cfecf19bd215caef12eee11bb,1
9cbd5b4c142c03c5fccd051defb9952f,0
875569dfa13e39c261c4e896f77c36db,1
e3d1fb6136fdfc16432d68b6f9f52205,0
9c46af55c493c146e74b6373623a4ab6,0
b5becad0b24da61499372d6c353615be,1
28dbb48f74a03b8e900a8f31ad1f0b0e,0
58b2f5981237d7665df6525ec90d87f9,1
1f23c203a60adf5221aa8a393ecb495f,0
0228408df30138090eef0a687ecd434a,0
687a5077e7dd905289dbaeab7ebec8fc,0
322495c45fe89e33f65f36ee4ddf96b2,0
4bf2b68fc482881e053db8d1c764b287,0
224166119d56556a00f10137d4ef59cc,0
f779698873a737b105e3810eddb3cf55,0
0b8ab061f3a19b17d5330a052bd836d8,1
5f9cc8e4fd879e40e96c4e4ec2d10a05,0
1c166fd6f2a39b9d96557963e4e88ace,0
a4d53be6280e72b993901323bff1cefa,0
e606915e684aeb7d6db553c0a75301aa,0
407bbaa7c8f0eb8e4a717c04abfee5ea,1
65d8a83e8b314ddc31e7b447d34bf77f,0
b81798071f6de23f93244f46711c0dbf,0
fbf6588c680f9649be3ab9e2f44339d6,1
a49248bc9b38832ea0baa106d284f661,0
1a418fc32c37caeacc9453b4c2facce1,1
2f96c71350de443c6b65740d3527c319,0
254eb120fb442e6f2af1f4faed6a6e6f,1
87ce9e957c987393ca991349343a924c,1
89cb89b422b9387f24628e47fcb21249,1
7351e8d9e81b316eae2f323085b9eae0,0
303e25546b83e7fd03f1ccb3d1cb8c55,0
c86d2bfde0744d735fd386f00eff1e79,0
27a1ca4917a3ec16d7996303080e223e,1
4a59a1d902482050aeef3c6e77f3a9ff,0
3c77cc1f406b1b9fb426de181bfb70fa,0
4d81dc95eed9f36138f19c4ea6cbafd7,1
01e57172db47490891adfde2f4dfefdd,0
f9d7f68b37dd0dbc3274d2fab01f92c1,0
b2d3bd994d7a61248623e6b313f70931,0
31462ce18a2d749f827b8419a22ad448,0
f5df397a8a8864e4940035af3d55bb2c,0
3cadc7911ef4b26359b964c725db40b7,0
7fbe49b4266d3f7117b97798451a1c8b,0
2b79d7d5f22e0c094f9100ae66e83260,0
3b6b1f9cf529f8701f682eb671e58c92,1
4a531b1e15ac4dc99c75a37a83a4df9e,1
8d95f9bd75672e03f3e8a22641c12377,0
90041608ab4ed37ef1b1b26f2bbea53e,0
667aa0142af96f6afdbe1d38cd6fd5b5,0
369b6cf5e9d9691a7c8b64e9bf085125,0
8fe1897f0d892d47f7390e9384571d6b,1
4fe8dfcb3e30127e8775f0e2026175f0,0
3a0bf59f01155516f32e6c0deb7d7f43,0
4f2f4141b4effe8edfbfad652865e62a,0
c4f1703a52e9ee8467026963dc07bac1,0
c75a17044b6ab8c16f29e265a7e579bd,0
962d61f4d3ef85614c52a2f75728b46a,0
423f437e1a64d3d9e6f0d80222a80a93,0
9dd4cc656fef499ee0578c95acf125b7,0
3c0e118ce192c2174dd179859a6b17a0,0
b7c738a31be08616d20bf82ee1eb5d2a,0
209346544fe4822f57896c2b152d76f2,0
ebf9d44ef3aa3bdd9969930c2747530c,0
7004f8aeac1409bea263bf29cbe1f55e,0
c5daccdfa0c3a1ec3fde2f83533a8f0e,0
4a3f363853cdfc1db3a8ee7a16a5be72,0
c1b9e01484808404aaf1e8869b030980,0
360d8201d96e111a7b3cf2d98faf98df,1
3b3f5608d5eff6f5e652decd09e54a14,0
7bb04e10ca1b2b19747f9eb96313cc97,0
d82dfd5414d1ef32123386c252a2e74d,0
19033cf9223eb086c608ebe0393e457e,0
23f9b722f910097c8b2c1e44578b3d34,0
23a88517863c1f76a957171e3dff539d,1
6a071a733add6333ccb22e572aab5b14,1
70dff74049ef0e5b84cbbbcf9e8b6d08,1
5ecc0a8168ecabbb41c5c0ead6b3a4bd,0
b7d9a295befef06ec70c66ff8e5b1acf,0
710edb95d152e87c3f090ff546b773e4,1
18850d9ff29d88301af200b6adc428d3,0
549f8547cab7f9b5ef844daf0320fc67,0
cc0b62b924a629c440e5d63551977e61,0
1bd8ec09613c7abc749b22dd5d0b4ec5,1
56145fa2b941f61ebff2e19242b903e0,0
2236fa23931fd6ce99c7598fb596ec8d,1
99be3592e1d732dbb8bf69c1719a1313,0
6df180d0f8c043e3525d63ba6b176b91,0
c162d165082741cc2b4b75671da0bf18,0
359d4c913cc858e7870c492f70091386,0
8670f262c71111896c274ce30846ee64,0
b8039fa36e1c9f88562d602388561854,1
470517bef9a57fec2531eec3902d538e,0
aa02c1ce7f5cbce2a374b555533f449d,1
a35b3a9584f71df827bf15708ff625c1,0
b1255e01ba0bff4c3db7452035d7bb99,0
3f34caa88e38ed2fe1c3d754faf7d80a,0
1074a851d92b0cf6b448b3201b440c9d,0
e38d17672069e0b066d4ee89a6b42559,0
93f18af769549dc5eb8cf1c3683a4893,0
fff77a5893f76efb7eb74614926bb53e,0
215d8829feee6e6341ddda950019e672,0
b7b8b0bdce4ffadfc8952f75a5dcf54c,1
c7daa9397ad148c359520da540139447,1
31fdff2ec7b32cbed20af03175f21208,0
ad60adf25af490b3742938f540255cbd,0
4d30d436eab939a636c7b3eb1b2965a0,0
1dcd1d0374821b30e72093a3b6026454,0
0fcbd65a36bb670088005324febc7950,0
2c3d2566723f6bd157cf21633d2f41ad,0
fbb7df867868b8a2d1ba305fa69bb62e,0
bd074fda0b972f741e4f0625ac6bf01d,0
812ac9fef8cc3f18e8ac07364739923c,0
fa8cac6b09fcde6ecb3e009578a52b82,1
9c12900df2f01cf8b539c2e8c2aa6a08,0
68a90bd47293a544be08bb1c228aac37,0
bc543330d8ff535632686f50cd461176,0
cc4ab24fe8527aeb89849eec24f60f08,0
fe97996c333edf3694d54540737efe7e,0
50784a04df4ecf45748ba058dc3bc99e,1
f913fa88743479ead672924238be2101,0
32c36c3b02673786b5eb2207bd343209,0
37e7797b5c349c40de1c15ebf8bdaa4b,0
64f33141cc8249aec7584ed3bf8ecd92,0
7dd8daac35006908fd3c63b00dc22521,0
251a865f265855d91fa405671a923611,0
f325023d2713ae143107fb4d23810711,0
d16ddf3e4adcf715079ea68570991f23,0
0dfa13ba259f6cc96b63512e41cefb23,1
8cb602b71ef2c73d4f6c5f1d4f92d3e8,0
fc8e7a52597777a42d8752fa30bce40c,0
82c1e89cc073ac6f3cd54026bbe6fc6c,0
a8a24d929cfb6a2936661f518118ce49,0
a2a6bd5e5b98580e0c398bf8df797aea,0
47580e97d58d744f8cf82dc5d01642c3,0
2c913be15cc4cec62f1c2f29f407faee,0
d044733c1ec868c359095b02348740d6,0
20a9732550f9f3a06399f756db279634,0
56421879ba5fd18340cba7e4f3110390,0
5e53f124cec93a2d32c0e7ae6f0ff2c3,0
83637c5ca39748fde787d805af1a99b0,1
9091aac04e4e884eb2e8e78542b4b424,0
777b325a14fabdf5be5539a938d2cd98,0
ec64669a1ec3729f712b7b2be82b83c9,0
5803abc60692fa8df610b6cccc22d78f,0
8a62fb322d9bb841f6c41bafa88c6981,1
440d44c11972c7c7fa4bc25b9907fa3a,0
6105c060153f0a7718d70101d0153cbf,0
bdbef60cccb7578d8bb5d80034e41ffc,1
f596f89df43089cc5669e974b43ebb67,0
fc5491d921f64774a2fa3c5d20933d5b,0
a5fc69cf05f48d185b3d46e647c96f17,0
b548ab22ed27d15ea0b57a6e18e3035b,0
44e775e0aba2d9acba2451102cba201b,0
e8bbdd010b5d674da3bf7e990eb47eb0,0
c05c88587f57d0e8bef58b211bac9cde,1
0b5704d66f38a2ac59931957bf7946a8,0
3b0a5673bd5c9e6b580f237375e92559,1
982d653400d2f500062e071ab95c160b,0
625cda28923e855622554af5e70f93fe,0
169f8df6f3492f34de870ec9428c8828,0
bc5f6602ce60a4b023304f8206f55748,1
a5e6c70404befc38f7ae3464cf0858d2,1
009a299dc6903cad68b869c0cb777d78,0
dd6005bcad52a57fa9d9bb376807bbe1,1
79388142f08e9881cea06a497425742d,0
72172b961d30ee90e5458a4b7b2272e8,0
6ed94781218576c2db42397ff7e1d765,0
6a6e8bb961d0c735cf592c25421cbdf9,0
05b87bd725be83f7f0e47ce85a11b017,0
25f691683f4bf75374015137aa49b0e4,0
40cf8f6b02a01bbe9cfc954dd0417ad4,1
3dbc5124822eecf55b5080803194fd80,0
23d47ba51a13dcb17dcaad8292767c48,0
c96420adfa4aff5d4e8220630547a2c6,0
5f2f0b297820dd1505d17c3408708d51,0
21325db2049bc4da83a9981ce8a8da1d,0
1d60235b068671882307996c88be3ada,1
693a8449e9ad958c21b5136cc9c99c40,0
7b0953958180c5722f7400af3129e07e,0
e0253cc827480be12a1b3ebc41872654,0
99b5adf7914641a22356ff45761e33d2,0
1e6b85dc9a30bb98cb63ffb323f881f0,0
39a9804eb1941e20d86b7a0c47d1f372,0
e9986bfcabb447dcf1d45d97fc1d6e4c,1
77a4e7b84ecc28941266556a6d1bd3b6,0
8fb4a704afc1b68dca092b1e4410c58a,0
fc8ed9bb9b9eb3617ad01cd9ac597a80,0
b8d6eac169dcb40de23fff710812cc42,0
4f1798a5613877240e598edba57e147d,0
7eb642988120f3b798b2f5af463f1add,1
2a383d52b4dd3b1e63766eed4c4a5858,0
a1018d40a45538b522dea50fdb19b385,0
9e0618380ea02a5630aa9f362b1b344a,0
86ca50e56b8ed099b5349df6ae9a6569,0
bdd49bd7d53441099a8e0b89d28b9c62,0
fd37d39c2c3c3e8022271df917352e12,0
cfa035b9f135d08563ca64d237cb826e,0
86f959b1cb92736f639ff6a2424f6b5a,0
5c3d0f489b7386d77968fdb03e793f95,0
7b3ec6dd9b5934e637e3cbc7188c6915,0
2a1d535d703373a1fea31619b69e1f6e,0
5be19976e03818677939a86e58bd39df,0
2c8cd945811e7f5bd426b6b5c04cdbc6,1
20aa590fff800ece59c3b95f28f9760d,1
14f8b4c3669ee7140939707a17a9b69d,0
f9d2128d2925dd7bbf739880497cc656,0
2e9c014096b0e6cbb3fe75d74821aba8,1
e1faed04496aa2451db968636a55ae25,0
fc5b5a9695b69b9e6be363bb42121648,0
26f391c736898ed1d6ab7b1427d5586e,0
0db3791411229b48b0662a5225652a9f,0
86e1fd5b3984dd9dd4adaf590d52ef6d,0
aa1e34b1d229fddcd18defdc6413f2f0,0
a48f8f10c3fc51f95be748eeba84ef15,0
f09c9f2f0fcf17e424ec160b17b3a7a1,0
976ee988cf3e5a6055982c749307d922,1
c0643ee2be2fe9aafb615e2737ed6c4b,0
6343a980552313b00c7ff5d3aff0de44,1
68248d5208087da76c06f2e6c9fdb461,0
47f5d436ec55b5dad7e8e34007cfcab3,0
009e376a938dfb3d66c7ebaf81404e02,0
7a739ffd0915be00112bc41e3c4ad13d,0
b9e6c0017224536003a5dda78bd7a5eb,0
9287a6a1d421d22f4f5eee5d57910c79,1
2574654dff9f476e07c67d3010cfb603,0
efa52ce269ece2063db9231405f7d511,1
8f42a2c164c936156855511a3f4322d4,1
bc6274cf961f613fc43c061174fb3a9b,0
508b1cae618c9bdcad4539595286c2f8,1
68077be0416ca27aae1d25381d90fc48,0
d1e33a2e23c45671f9b6544d4760643b,0
b29387672f716dfb7db5d8597f8fa21e,0
3fcd715eb5b725d64a1f00c97b936ec0,0
8a8fd838dbbec9bd6d1c06586924a2c9,0
a633d377ebbf9c611cf959836e9838ee,0
0fd3af0b440c210baf948c4b7b758042,0
74861a3154300d5a108b4d872d862319,0
2b20e7cb5fef4b648e6214cf38f4bae4,0
1146347944c30f6059869ef694258c00,0
1aea02f27a633b17de836c96db07b4ee,1
f9192db05ee7c5efaac81861a5693cab,0
424a03e077b312a3a4faa4a8ccdb4413,0
1ff2e60910ebd465e0c6703d4e682251,0
497dcaf3d7b4a0245281a26a65c88b41,0
08b50b5b55aaa99b37c16aace0704979,0
5573e7a932695295e8ac6288d1df61ea,0
7a0874b33fa6f44931f6558b85fc9a7b,0
68b54b4fa52bc2301885285ffe263a0b,0
bd4ecea4eec5f3a8eb8037036e5db34d,0
531f4bc35b460b30ed8ee549387dc284,1
8d8e1fd2ad575334cfde42a4b0efaa64,0
0c2114957bcf1fa0ea6f0a803e8a7f9c,1
6638f5ce70b424424b1f0cae4a05b523,0
835139afd93cd3aa316e4b364e699fd5,0
09aa8ab7f34d4931c69bfaebbc2e12ad,0
69488e470605ddcf2564bb856d1e9592,0
1e00e80611f6b1768bb9b2af1595eeb4,1
88348b24db6a08dd1f206a7177a4b27c,1
08ccd3b486d02537efc9f380ab9e1d92,1
381eb5d509300aedd0b0e87d8ace1ee3,0
72aeb7dc03843cb1fd67f5720b9daa89,1
98114d971f5cfd761bc0fa20d41c5388,0
422e229d20c2072992cd4dff524b0d2b,0
3028a01a8dd79f74ec1028048bdf666c,0
07fbca47199335fbdf3f3f64a385da9f,0
84d34a27dd85bba9cbd978cf647c56ef,0
d8aaac339ea379f05c1a1ac027caf5f7,0
f1df8547eeb3dcfa69d9eef56ee16abc,0
e31a54ab85e4ba423e7146beaedb78cb,0
5308a79e08fac4c3794c4dc929ad47bf,0
4968c9b6274a88174e9a5a9d206a868e,0
e3e0aee35518b86024a28d5cf8175c2e,0
6312756ea99e4530f93c1d4ed1967e74,0
54aff840c5d7bf083d6d0f7b9feb5327,1
71624d08d848fa5abd48cf205de88aa1,0
2a569ba8ac50072b92a29bb3b35d47d2,0
635fa0b03b755c74d4f41bf63a1374c3,1
0f964407a1dce178d397a47284246712,0
c21b8958e13f1b49406b581c0a854031,0
880dbe14af3b0eca5d1a39b5d7428d1c,0
f77a4f322df25061c7c961853069e1cb,0
5f488be15b491c0c60747ae5084f70de,0
931e87d981859b32dbc0b7d76d821664,1
b9626d9d33f39525fcb459f2b62557f6,0
36dcf445a2a366a607aac3c3c6169076,0
e2e77e15c52c06040aa4d11afac229c5,1
114673acdc02ed8ad19ff958771b69d0,1
699cd80f097d526dd8f616c3a6d4bc2a,0
b88ab84acb54ce70a1e129227dad7045,0
9332f390dbfcb1ac406398c04cb483c3,0
2a7a8b90fc92933327d0435b5d3448f5,0
b54f9e96f3e54b235c16a0c083d97301,0
3f0fdade527610db321a2363c25c73fa,0
b11c775abfbf61de5a7f37c484751411,0
7ef8ed3b33d53ae951257c69455e5184,0
13bde65427ad118374e918cbc2739eed,0
5bbdfab3397782817d8c98ebe14b8309,1
b7544cb80f81505ae261d99610334e60,0
f184a115a0baa16ba248e16224469cc2,0
3c7ae70fa99d80f1b478aabb9bcf4d68,0
103546aa07ba087fdfbabd1838df84ca,0
df9d021964b89b1c0422aa983158b8a9,0
2df1c8681077c7b841e23f8f9c168f72,1
ecaef3dc7642ce68a1e92cca30a3eaed,1
a1b4ba818455647d4019b87ef31605e0,0
a788b10ab5c35d671a646248f3a8e359,0
8596a0dba7b248409393eff30cf78542,1
b6af4aeb9c85c56f98fd12ec432819f3,0
c18ed5f1f6e93f678eab2cc73c187385,0
d0fc6267e6d06742811ade93042f4ea1,0
a446ec2f83666465b60d86964b472ecf,0
e32b128b734b8dc014dc0e09b91db713,0
82658eb41bfcba034c692551ddd99c3a,0
7db59d0618fc75ce286d9bc5ab9ccc9b,0
7eea36333b78de294db7ea279e2bd668,1
64ba7e5573b135eb762be372a6ef565b,0
03f72aa6650189510b4c3e35cdd366e5,1
c1d0739904aaf582c5c15150b786ac3b,0
595383f4effebda3caaf42949dd708b7,0
8b531571b8bf6c2ce3475c92d53d7615,0
0681821e78b3726dc1ef5e4b8349b81f,1
90d6e2ef4e26859c0f75714d1f8a2cdd,0
720e09cd4fcbe68fcfdab20d5f37d19f,0
99683c4bb5f6c9b1d9e079df3743bd45,0
ab38ef585c2f8146046f83e25563cf6a,1
ff5aabd8191fa696da51e1a76e9b8746,0
b33a017a0eb7d6df32e0efb676cd3926,0
ad35d1979dc30971411003adff944411,0
c6d443eb863d7295db9b7126bc8fd0e2,0
4b59333413d24779ffe89b72f3773594,0
1ac578c81db3a818324c44ea1bb267e4,0
85adb794efa4cedc27d5f955cb582165,0
0dc52d7132416cac1b04f6d73a2414b9,1
226a893448fe403800e8831aab2a9422,0
1219de5cc5f18ecf1d6f205352eef0ba,0
790fc34bb3af9cc5f4bc4e9517f06990,0
f14390ffb10121fcb184459a36579280,0
946fa57fab3c9aaa1ed0af3f6cd0341b,0
7488dab598e4fab56ef059eb062be478,0
3beb980ea6734785391b8f7e2900a9b3,0
2de6351160e16ffa9fa3a1648ba57282,0
0337733a63643eaadc4d244ded87147c,0
855fddae3523d6887e901be7e32c2d62,1
39a11caa50348bd561548f1865fe3e3d,0
e7324f98df5b807fec687bb216b3dd02,1
ae4b60b32acb09518a96c3a1d2de1434,0
b2e49d5c70fb00e99d6a181d5f887501,0
bf2b145844fe6c831e34408ff49b3c5f,1
1c7af6ca9cf094b405546dc2c31ea3eb,0
af6d1a23386f7c399ce1441468ea6482,1
8316b18f61ac65accae9b80640bfcb48,1
c2d9cf59826ca1170f618a67ff881013,0
50910b22defe05412f507c205524f571,0
08e50a9be3b750f545e6c7ca3388c9ac,0
96b8b24c48ce3bab3bf24858583189ea,1
a5c2c60b8f5a66a2f2e56a30b413771b,1
e13b5374c2f987700f14d94d398bf41f,1
b0b5fde2b382c1216e610eca70f453b3,0
663deb4a97471a8215c3a03b0eb0c998,0
073912338449d3b2ede9e3bc27a7a494,0
671e5478f7dc005da6c4f1d6e0a9f29a,0
dd857b946fbd902b46fb537a4a922729,0
f63504aa5a9b8134207e1b66e1cf968c,0
7bbe200e2e045810b49df491bef03d59,0
c4a60bcd3fc03cdc96453985816fd848,0
110c174fc8dbe9f040086a138111e17f,0
cb736e1e0d0d17e3dda9dcfcccf4bdce,0
7ac2020a3697cdb160415059ab39c5d8,0
af110c1f1ef9752eb0183ef979c12c3d,0
b9b9fb7d08d66fbd7a4f2b8bd20967dc,1
1e7818342efa3c991e850ea50989ed81,0
27fca91bc17e65bdc8bc6a5fb5cbd8a9,0
c5b14f83147dd7971fbb368b186f1bd2,0
d216328fabc76e63aa6a6d1816d4c7e5,1
1bd301540dc4471c8706b5fadd1b1bcd,0
ee6dfe40bcd897ce845a374fa4e2ee43,1
78fa74a1c9d85641e6a16621ebab7ee0,0
98882429ddb73c0f12f6c71834d6536d,0
41453dc3c369ee65fed2ebf62d58d8de,1
8475075846888a3421ad1823eedfdb32,0
7c9cb9bb9851ba613aa1ed3d832a2a2e,0
0f823397d1eb8dbf62dc72d705b5be21,1
8c6fd1c1a6208ba5b8bc729157513240,0
4e94bc6374713dd4857313a8a9d84596,1
96afd84252e3ff7eb82c089af9be0eca,0
00cf6aa7681d60ed117273302b081bf8,0
e22ef3fee278a8a44cbeae0f96e5425c,0
c71486f498fb67858e55231052791dce,0
05f46b5db4755458b97d2924cd4b6096,0
22a4e8823c6cbc0aa0fcbc7aaaffa5bd,0
4e219382f4f73d2f3e204dc75a1b3271,0
c6c78b94e22ae02956594b23f93bbd99,0
9de166fe9c4f9779ca0399b35eda0740,0
ca95a81c83821f9d50499e7d77b6f196,0
9dba002c721cdd0c8399ae892c35616e,1
c7b0432414c8efe95eeda479fee9a60f,0
cefe14bbf8b28d7a5d25bd943e721026,0
1dcf38e2470d77b8ebec56deb28e35eb,0
07359a07e289f9bd226ab099db7dc318,0
1f142ea14237c871f392b8603683b658,0
a41e21a5abae7a42b078e2b27d8b5bf8,0
08b108a134d57e6062e08f256ca585d3,0
2e49588b4f161a81945f24595a07c0c5,0
a5848a084e5529b04fa2ce8bc985beb2,0
940c30c79597d56a202e4cfb33f407b1,0
d963a6ad4dbbf80dd77d6a094bca0f85,0
82a5867b5dd407d18251e1c301c3d85d,0
f9e9b0d0ede8612075c63d5a1d7dcc91,1
f4d6ab3c69da4acfaae04e78f9f4a7e1,1
ba123f3f382ec4023e2c404af4506ed1,0
842025785c54ce63f6d534545dc77750,0
3e6f8f16bf5d23d3c915464828d30b4c,0
efa26aaf1eacd37afdaa4e1dc775e053,0
6132f347e8faa376d99689c2ed1b4815,0
3f6fdeb186a488b81a962d6286fe00b4,1
8252c6c23ada9b92c43b2cfb1262edfd,0
a609b3b8a13198ab69aaaebede35b338,0
4eb440749aa808cf437f39eec81ca285,0
4bdce2623c9c1f9f45c1235d7ad9c39f,0
bc6803042ac8b22b6575a9b755e001db,0
649fb23d2f156c4d4f402c4b419cd40e,0
590658243f4fa98802a854638b2dbc97,0
acf42d2158722ac2fbc8fb5c4a8c788d,0
3469c95da88c92aafeb6defa529ad7bd,0
40f7b2ca77a6cc1383a17ac77393a616,1
5767f71c9519bcf90036309cb5c70cc1,1
f8cc2000ee34a9979eff4a45766e6811,0
7277a328e7f00672b9bb904a2f021698,0
ea9d06ba15b2a0cb171ab8d86142aefd,1
7a48211417c51452cc5ee65fb1b0e8b7,0
a71cfa9155ec87fd1bd7c849939800d9,0
bc5ca79e3879520e0ca0494c636fec98,0
4c19fc77700584695f1d0a69cfd028a8,0
ad26b1568fc22df79089f88fe04f7ac4,0
e62cd0ffd4cb07f199ac1367d17d411f,0
ffea3a03df1fe235efa78ba81e6c8991,0
d1a8e56ae97e6c953eb89fc61c333b48,1
da2907e75b5511bf038e9a579c011558,0
3a9da2b4a4af357418f47f3d62181861,0
562902f08891b147b5dd797c2d92829c,0
cc531921cecb559ab396cc93a9cfbe1a,0
8c7cae841ac74286e46baebf90870b2c,0
49d332cf56a3eab57851be593c1ae730,0
dc45e17eba88de131bef305ce3390ed0,0
72094c48e5eeaeed5e8975658194c82c,0
318df4407468bd168cb08b4b1e3688cc,0
ff0586468a0d4f27768491b9f40f7e61,0
e100bdfeea7ddd0b8ecd8a9ba77f5a57,0
67340156a247d0a050d3bf906a84dbd7,0
cadaab6ef694329aae4dc956445c4c39,0
4a515ba17f920889cf32f0fd8779dbbc,0
08980450b7f8cabeaf39a29a5c2ae802,0
3e449d1d65ffac27c1d7fb24f2508484,0
9c2bd71ede349e4b174e43362d011221,1
6d10862de2bb78a1e3a9c88895842264,0
9521f9227369b7d3f465ffe3ac70ee34,0
ee4f0056c2a0ad241b82641fb28aeb34,0
24c7ccc9f5b919b4ae195d1d5ea8a0f1,0
da4b31e87d383a1e05520dc51595493f,1
4c3df1f9d0489289cab5669a73e4c15d,1
c5af6b4dc4535411c3a86d3a87f50ff2,0
7c7c6d1d046e2a85868c0db973abcde5,1
b1c3a6bb367b55b2c9d3b660eb0cd9c5,0
ce761220d572898b7224eafcc3c6399d,0
a55b91eff0b78a4f3c6e37e88a9d97bb,1
1d975e3646de750052cfc883129e99dd,0
913864234f0e8ed1f95caed04b127ccf,0
a4935214a387d351882425a8ebc720c5,1
cc23d9ca743c11c95915f34df14dacc7,0
97d7126bf884fb4d6c33c515fd2c3e4a,0
cd43af9464d0cdbc38bf70ef33384355,0
91af0ac112a5d74541694d5487b7c9a2,0
33095fae3665b489c616131c5d437255,0
72d3019a22ecc9d3028398d433c0ed16,0
ed6ff1957593a2434ecad9d53ed89b5c,0
b946d2a51af8ebff5d16e7868de828f3,0
cc74f9d2012e60416af8bab5c438391c,0
a2f3344c00dbac2b992f6f6aeb4e593f,0
69bf389406434c0feebfb3a5259468a1,0
472e2b0ee881cf5995b83219a999eabe,0
85ed5d1c4591de067d4121c79068f75b,0
d6f4c5daee1d367198f5fc8e1fb44fce,0
429b6bdc0d38fa65b0b94ff1e6c90aab,0
156f0e1083294ffbfe460354d73e1484,0
c338897ae12bb4555e496c8f1a392e6a,0
c003c6723ae3418b7bb27c3e9ee1371e,0
9f8053f16c066cc3160da5c8ce51a96c,0
5b748ce700dc2362a86f27e8b14769fb,0
979ae97b987ee79b4026281704ebf146,0
ff90438981441870f7350c98b0c93a56,0
7c19a18d30f461b70f23b154b877dd3d,0
9e5e93d36e346888d709e7fbd641b02c,0
719064dc2a6e75f7bf89b0a587825de5,0
00443f5a11c18f85e0fb459eae092c85,0
55d29da9cef4d390f960262d69578285,0
1b73b93ca26bf479cf2f100c00648907,0
79a02853a7087a433621bd86e2250a96,0
34c798199f4c0d93e34c7d676834448e,1
b60a0e4ef89cfcd53be230fc0d8042ce,1
bc90cbf4ea01f42b33bc5f717c659831,0
dd0b4c85f8fa599a8e422a7241995a7a,1
7beeb3fbd3e60787e584068137fe1964,0
e32e820a978eec8ba9603acec15b5f8d,1
698693a0697ecac0426c86b281efad8e,0
58226f8a9dc7a5d993062eec577e65aa,0
0094c2bd5849b8fac87092443f47b353,1
c79e99949ebcad065e90724a691f697e,0
4e5d278e4dab7b967d3cc1800167600c,0
44c2490cee6115dfedca2a8866a7e2bc,0
8b0e203a2072343a259ace8007d0a0d1,0
5bb77c0c67bf68943fad902dcfd2a73f,0
8db80e2ce3e7dcc70c677979dc7e6f11,1
9032a8b51d16a54d36f0eb918dea7b47,0
2d75091a553f80d9bd389c8227b3cc86,0
cf1d0e25dbd3aa5ab606a30642d0203a,0
71f4cf8305101fa2c6e408451f1029ed,0
5866e239dc1bda791804ddcee1279193,0
4c17f20b070258b6344d3647c0ceb66a,0
1b7080bcabd0aad9a2f34169042a24f7,0
cfdfab58ba9e6c3752312d7750693124,0
d659240fa879fcf9dd3694897e65ce8c,0
58f3dbae77df3e0a020833b736102943,0
dcc0ceae77585fa6ff58b767104b464e,0
874a4e3ca072c510d6942836b0746621,0
9dc680185161a90c6cb8c7fc79909460,0
96128e5c3c06d8106ac9760880052e06,0
922c75aca1e1067b9dbba94ed464b3d6,0
9ed00f6de54a7e7b491cde40e3d9f7af,0
2cc8b05ba2f9e1226c29507108ea42d3,0
67a989e8191b43457561dd3dbf9b528c,0
2930ac61f3594ff93665d8cc224247f1,0
536a43b4e5172c6952dc6e77bfc68bfb,0
8954c7cf8dbd300a55c013b530a9e652,0
ff41e9c09210103e9c1ac6b4963462d0,0
a5a4b923b922a0a6d749eda6638868b7,0
1ebb1c086394e87cf9726378a554ae83,1
9c5409b610e4a91ddb35a08aef3cae4b,1
40ee30353ca7c50e047a16c79c2e6f12,0
d5afabd85b01051489d353ef464855de,0
a5d8bbb88aa9c69b31caa5a0619405e4,0
ee800db6ed9193498515255dd5299006,1
d05c233d4957a471171986667d092c81,0
ed1f0cb598f11d733d48ba3cc7b9345c,0
d5d48309735bc71513d79dfd8953cf15,0
eca0d2cf3261caa6c0e430ebb535e3b3,0
dbb126b1d00ff34b3c062c618c69e20b,1
9a314fe2bf3860e67f09976a031e2b9d,0
28a3d1603ea375644b0d19d89183efeb,1
aef80cd0c419a696108d1e313ec549f9,0
eb7ca82378b27457af9fd62a56051cdf,0
e721e65bfd585fd148029c3f1aaeae6c,0
bc8dab44707d64348b3b17daa5b67d85,0
18cc9cdc20827ca7a29f5141ffa8165e,1
8a2885794ad928bc9ad15c2bc8bcef2b,0
8c30e3d18f2b0ac8fa1b132d34a0e186,0
89ddd688430c6fb94dbab9017151e029,0
6a934b695d642b7db13d7c3d1c271b8c,0
fe0f2a6b8e9edd68593444793dfe29f1,0
b06d8736d4cfbbb088523801a2459a16,0
97bb3f521f576fc6e215cf5bce75119f,1
cc43c1ffdd65bfc420df1a904b674572,0
5baf203b6bad21dcb94ca09b144ec789,0
6aa5ac5879494b3e12b3b035eedaa90a,0
23f814dac7058f361b1e715275028106,0
22be7c98ac01b607bf237e1f489f5c1a,0
234926ebf8e61cd22bd08ca7902c5ce0,0
c77fe6a8af81c717d6f22c80855d8930,0
7f275d966393203cd11779dae3d5286a,0
88829cb684def09495c69c0b78e7fbbf,0
c1175448c1cf82d3f4451a109d959a2a,0
3e8a0e1bb5f2c99f2fcc26d4103af86f,0
75ccd932895f205f89f26078c29280cc,0
5c91d088ef36e242042d5a7bfef1f870,0
6b68c57b0931081e8c607001877341e6,0
5d4c7500757f3b2ef928d135d8710b62,0
88b24313b413c0f7e1f2176e0d383902,0
c59a66b66f84ade0331797acbba395a5,0
1beb05fc90aa9fb0fad32a69c0a1a0dd,0
2bf851febe6b3ef129f68c1778bd60f0,0
70329d74122579a0c91c8d51a662713e,0
7e9ae70e2dc9c89495c795e8ce987ff9,0
00a90cde88a8d494074bce240340ad89,0
838fde25b7c04b4e8c8808c43dad332e,0
529b05d04abeac656fd6eef8b43d9b01,0
f5a7cfdf9dfe5f85897d5a239a5b007e,0
70b523040ec9c2e072930c619c4c69eb,0
c2f621419b61ab912d6b303b5ac1bf0b,0
e64f863227870a40e300ce4f0cea2a82,0
506eb9f31404e50b6208ad5f97cc2daa,0
cb356f0353ca6535686be27dbb9dbf5d,0
e82436610fac122f2056b6641691dd12,0
33301448ab7e7e568aa81da813c8da0d,0
09afcfd50e84c770f5fcb85e1a70efc5,1
8c318b0b65c001ce566f92ffa6122beb,1
ce9922ff63347d3f91e1e16841e96918,0
4807c2c0ca3aae907f0f031a55355794,0
363df29c83f990c99edfee5cb10691cd,0
0153052f0c19ae481f36f8c38326ac1f,0
3b1886b17df447b18b138be1187f2236,0
7366390b4296d310dbcf4c7f07c7d448,0
7177baaa6d60732613d4087304b5b2b8,0
19f4a2f323356ca41a91fa464286ce1f,0
c1fa859057f2190c1044410413f872b5,1
f622d9324f4ec0c4007fa89520154c50,0
83b954d3621b1d2b2c823f48f0d4911e,1
440601d0c0a60e88da7fd4d1de6b237f,1
c13b303c3f6c7919f0396576f07a1549,0
b2f409c10fb3cc0234ecffcd59e61bf7,0
67089a205ce9cd5b077d52601f819b50,1
8c98158dc2f1c43b8825d8a2f1be5c54,0
bd085d7843d93458623d366fffbadd89,0
a80f180f0521e43cee2a788edd6686f9,0
f95345449fbe6b856b0004b88eb0ada6,0
b4f757561b3701347c224a538ad7dec9,0
2c1e3b5a4c8eee43767f8df350af2fac,0
9d95f4e7e036d8c7acb280cf2e468dcc,1
4c59e6bdbb9945d094be51e37f376097,0
977dc85946d2064c97eec922e4762d6d,0
585039add62c02e7b56ab2b69ad0b66d,0
edd294cfbdc82708494f0e6f0c772294,0
2ba294db6925f39d2cedb8a963b8efac,0
b0072fa0cf0702c962b32ce3083996ba,0
693aeaba08afe136a56eec1b561736ae,0
e254747377f0cc258230b33130702e2b,0
e0c8dc2c5722d81bef7de6fd0e999f68,0
60e458b3405ec4991f482a906e8ad85f,0
47d8edaac4dabc80ed869d83f81c791a,0
4c360faa37bfdf678e412e59a2fb5c4d,0
8ca90fc6169084d35ab698e032a2a1cd,1
1a0c84647fa9e65d7b8a4f4bbcf77893,0
7f6e86d0014dce222cf138666179b4ec,0
fd5f915e2c522a62a8063d8a8bdd0d5a,0
3229304c25af339b53e9ca85639f0cf9,0
44b9751a6c297d88041727e46e90d593,0
128c0e4cf1fb201dcfa7f923d3ada642,0
55ce9492c43ee13633de29af45975cd2,0
74eaaa39e08e889eae2ba854a6a06c11,0
9bd28719559b06223adcf83795943f73,0
b46e4fc9416756f02834ecca61ba2d80,1
961153b88a5468a66dc23018ad710431,1
65b3173ed08d7a891bb57cb58941d2bb,1
fdbbabb40ff80ae21d9d6397a8d12dbe,1
9c9d21855550b3999c380edc9e9cba6c,0
61d6389dbd915641ccfd0f0c0d295017,1
4cdb0f70d89e1496416b3323b0ac77fc,0
e714b2ff28eeef0c0bbc4441dd7260a8,1
e39aa135e4a07d20103570ec6b8ad9f8,0
a9465d4c709bad2c9e41a0b00ee1fd4d,1
e8e118a142abdcc55bf1db77b88e0e01,0
037d3a125a5258a41aab598cddcaaf06,0
fbbd7838732e4d6ecc5d222ed57e3b3d,0
0f311714310a48596fdc33f832f139ea,1
16d849cbc9fbfcc9f897267ab0bff313,0
91620ff9ebbe8cb79805ae6e51e49434,0
d35bc2c7f1a86d369971f20bc1224ecd,0
8c0896914bf3be831648b6c744e8d8d8,0
05fb6e42444069842c2563809b55a100,0
15c7f3c2e548b2773de313afd1b671e8,0
43fce48825d14ca923488f5839a76677,0
269b555292021332849c398237cc9606,0
7a6b8af5c7c9b4d058e492a85bcf2346,1
911d6addd12fb72cf3361b935dcb3686,0
7b1e35e1e0ccb7ae656fe4c0912d4842,0
2f02762dd231b18578a049ef24b789d6,1
749a52d91f5f39c5dcbcc5ba1b922bda,0
2598aec01416f15e200e2bf176bf2a77,1
aff3a414f00f78647bc50dcbccb2c06b,1
485045b42a00985d25259b0ec30f2394,0
6852a0f04ef1739033fc73fafa9a64ab,0
2d62a1817837ec9b4af21eab429a8956,0
6d51f8c95274abe75faf8c077361ac50,1
b4bdad80227097e5026232f960872b80,0
c4119f5e966065422666f169b00916fe,0
e2ee4ee7209772099c3de33603fd6506,1
a9374c38b777fc3185abf16da1c94e3f,1
c96d31c2e85124f075df1a9f2a847d7d,0
02491297f3da14222b651b552e3f17b7,0
24b8162d22cae33baafd8762b60b8785,0
d0d74c1695a0dc799c014f527eba5cb6,0
c0b6d52f4315b580f306e9d35f87f824,0
1be7aebafdd8a9ba2772a3e60a25d398,0
3af7ec05626cd294591be5743370d073,0
2a2ed1e9d6260c4b4cef17379fb34859,0
c043089c72c263274161115062be89ee,0
b8f362759b179b56348467427c1528bc,0
2dca651b75368d4b253ce8ca678f3803,0
aeaae3e164401157f0d823423d23db46,0
a0c3feeef147ca325a3d5d392f5b71bd,1
92efb3deb6894f3f37bc3ca161cee5b7,0
f4742342debe060f629eb735a4285a4f,1
11cebbf74aa54a4721cff6752425eedb,0
7b3c5de01b8bf9a290c3380fea53b758,0
e6fbde02cf358f72ce405719cfe3ebc5,0
99b473a07d2a06b9fb76b75a9ed12450,0
11723014f96f0b3a01eca982acf4c5c6,0
467e9ca284de1a60091abceb3eea5cf4,1
524d83681a6f1772c0bcb1e2598248cd,1
c944cf8d47ed6ff6e6b00cbdc8abb24e,0
49bffeb87471eae0ebdb1303f8f01df3,1
4be811be01f48af6ab8c163268aebe7e,1
684bfb010da404f4384f1eb79c2783da,1
ee230989a4139c69f2126b6abddd6aef,1
0732c6002757b01c2b66897d192851f0,0
03c779e05d8b77e7ff572567330d1ff8,1
53277e39be519f72ecddddf66af9b345,0
dfce1cc36de0ef610699a4eb23750cbe,0
b7fa2af0eeb34a8ba33136698b1549a6,0
134536f18431d4e1ccfa438767060d39,0
278739ca80eb5af6ff086846780cca33,1
b3a4fc0b1924f9fff3c41234a5b330cd,0
cacba6e5a2f5c8567f08d1d41b12654a,1
cd44d396812402d5bcc18e78553ef0cb,0
d346a8831919588da065c0525b95e85f,0
b8c7c292c865e8f7cc9c98ae24c6d8b6,0
6b94201bda978592c099fa4b219e4c85,0
6e4da640147fb08d2d44bb23c787c0cf,0
c40a3d8cc72d2b11d074f6a71c44a7ac,0
b429daf127d3ecaaa0075e58ba04fbc2,0
9d1fb36ef84849b6dbc021d9f5044941,0
421b489ce1e7f694bd55453c68e84135,0
37518c17afa45867a8d9495188232f98,0
5e3144df8ce038257e8d79d435eaf2c7,0
4ff1ed4b297f3539e9b1262cb5c118fc,0
e78cf2df3093b2f3e6d12ccd331894b9,0
bddbb9a50a1dac49eebfb3072b31c876,0
a9974091d9948d1897e6e4e0089776c8,1
cf7c2baa48a5eea443b711d888497b11,0
8238bd8959eaee48fbf55d5d9383d34f,0
b52e4161cd7e8072e0e43ede1136381c,0
5a816e9ade6f9cde3d82dc80f1f6732b,0
ef03214c78702e920e53651d8abd44f5,1
274dc7eab58919785b046bab9c5a76d3,0
09ec0813e0610c5749435f8b7ef471ac,0
25f67ecb93c1d0aec9938c80bf923d48,0
a737ee07fdb75586a5ed47ebfa7f2c27,0
2e9e26d1788283d78dc00bddb2ada35f,0
66aa5b99023cac9fd2115c33534e8f37,0
e6fe11ee83bddd817e032fb44da17f4a,1
2d051dda6b1b3665e94d8eff91f00f95,0
ebb29015d95137145845c95314c07316,1
c223ecdf1c070c4c8191776f9681ae69,0
853a28730b99aa344b2838d66556d111,0
d091d3371a42a879345a19089b5f1ad6,0
b61f270506762b844bb64a7a48f99f96,0
ce80b8c1f61781ad0cbefc5d7f59d805,0
cfb0746b2703343811c9ebd1a3b188ca,0
ad8847c98c4b2a7881ed17af6809d9d2,0
27e38288e08554f8f0d0e027ed6968a2,0
cb02afd881551fb1e1acb57c5ef71292,0
9d981e6d5d16ff48766b833f3763c7ba,1
812463dbf05a1ada1d0617c7f9d3080e,0
8270f5178d56810273609a48592288a4,0
a45b2ad88bda33187482ea654d5bed25,0
a1a3636ef39a12422f9297e4bb4e32d2,0
e0162c7ba1ec894fb94eb51aec4df946,0
9f2fdeceb39233802ef4306cf0161ff1,1
d5082f4397865381ad122b5c2b4ecae2,0
b6b711e38f3550facdddba4c53438759,0
bde4aceedc898e219bb866fad5904f56,0
7ed9c0c9dbd44d0fdcf0921482380fd4,0
0856d6d1f5934894288fccf5c587842b,0
11002fc3c4755e87a40d0c938b5f1f84,0
86e1e6fb0dac807e635ff7a5a6c0d50f,0
9496d10f6285a34b8eb952912319a809,0
10f5932e386d3074f289c1bd065c28c4,0
a4c3b46ef80528a3630242a07bf1671d,1
811a2a5564a1e424e1fbee0281a8b467,0
358abef94e270b12cf91e5449d2e9392,0
0964692d180390d49e136fc36495ad4c,1
cd873fe3d21164871b35f83c7a6fced3,1
5fb79370f054a407f0c7c71b6a0cbbe8,0
9826d60273e00d568a04373460f9f628,0
24dfa505747c8ad555a3b08a82695a45,0
c8bbb539cc59b193a3f45f57184eec23,1
3bb81b0effa7d5a595018d4c198ab4d9,0
fd5b8cf9c001bb660c0e71aa51f720d7,0
e526a56dd97f29f3eaf74f6c54c77247,0
2e74e6ad8c89cb23152e086407e8d894,0
8a4b365d0dbcb57d022aa20959c71d10,0
505f17b04cf0787c2c916958ede7db93,1
f3b02720677801208aea2cfbd658b00a,0
d425d9ab40e61894a3e76363f1d5e796,0
28a0ea3953036d495944bbfaba6c7792,1
f782338ef2304aeacce18db6b479a979,0
8ca27ff66cdf43597eb829efdd7a03d8,0
5cb395c6fdba9c5727181e67ba37f4b1,0
8161d5e1819a729f57d2877c542a98cc,0
1be68f38eeba872d11d827c1e2a202bd,0
640aaf45f475410bd139157fe8205137,0
46d84a80b19c984ebb985d76a62d3f21,0
43f016035d9e20bb98efa7a01fad1a49,0
89ac346ccddc1d97b014a2135e4a6347,0
aa5534661b5cc78a567e54d38df05b75,0
c128bc83926a89214e73125820972463,0
c2d0fee684b5ea016ba9ba67890d4062,0
9932f13bd740ae19bd7c02ca7b979d2c,0
2f4b7895eccc74734f29203ee7fdb4c7,0
e6f3b56d2d294b8c4e654dff4a6ddb2e,0
aa00d15985e78ae9475bc91f1c584289,0
be8e96c32982ad4ff102f67a22362365,0
fd1c972434c910b11adcfbb89979ad36,1
121deaa3a45452c018df4f97a6de6874,0
2d91403ca2a691699b1c6a396f376160,1
584b439972ea4db3bc7f95f83ada915e,1
2b07d515dd7dd807693a1c46b6a2dcb9,0
42e85843e6cd8dbbb3d643bca7ff5aa0,1
7dcaeffdf976b790ab772092df807136,0
47b1cac6a70e2ebccacacb6f02a6543c,1
528b7059f089f5b7cf7809e8ee97dd6d,0
789b89ebd3e70f61ab6d19e37604fd90,0
c6a9d59f30d7a86b58f41079f705b57b,0
14e149a8fd40b4eca2ab59c54c46d669,1
51f03a29568d7cee9a158ccdb70fb446,0
2ae55d56b83a03694077bf6f0b80bed7,0
fb2b6595bab50b98c3e9d7297b1ed24c,0
27b21ef8a8423b4b5ecf52863cce4811,0
5df93542ccda281055f1afeaf83d3ba3,0
7dfaded7660b492c495b35047b461bbd,0
ada62b8237c71dac02e2944dd4b1a481,0
e6e3f77ad4e6de600a80e4f58246e30d,0
8859ca02f1ada7f5454ab46ddd672720,0
b50e4b6ec5e3ee001795c34c6bcdf19f,0
a85c5dc7e1b5710da362f96d10bc72c6,0
b73e8b008c5cd05b0ab8b8f03699b934,1
a24e79249027dc2fcf737ee1f8cdde2b,0
9129fd946f0fa10c77821c08b33968b6,0
d2133720b118193fd3f8ff52763e556e,0
682f12a1433b807913b2d68d7563f526,0
bc99ec51e5b15e8290e302f44eacae22,0
da6a3789c6b09a053ce01eef8bcc0e00,1
3126ad40403bca12b43f9baed94b3ff1,0
4446fe95a6d60d44bad498326266008b,0
1d8c2107827a284f2991979146d089a2,0
b4cb4522686c3a9af7b91fc936437af9,0
55e9fcbdbaa1b68a55515f930337a82b,0
1b2304bbe7ff33f09c00ce3c665f3e85,1
e9f58fa1c688f444283c798fb7c69f1b,0
8477285192b503320853760a6763cb52,0
610c897527c51a91139ebc4b7631f8c0,0
4f9ea97c49a24242e0dc28a217400576,0
b557ae34f09cbbe5ec5c272cc227abfa,1
ada6b3f790bdae3bff678c1194bbfa81,0
7736c17267c7d40449ab4f0a149dc5a3,0
7e8977b8c8cd3b33d9c6bc9a9a6f2155,0
d38ada5092c8720dbac54cb3bbec94c3,0
4c046f1876658384841e1276c2d19979,0
5003208b2a57c6126d72446a8f40feef,0
15be4cce0f9445564956f061c95ee860,0
b471921dfbcc381923d79418bfe8ac60,1
5450a1626f1ac013b736291ea5287c07,0
e0a3a007c6bb4647997493890be658f1,0
920426dbb185a78971ec0148700be7cd,0
eb4230c02d964d5f30e7264d8c15bd2a,0
8312b3e69ea1d60e7f9f064562376153,0
90909defd8178bb66a256e41ef3723dd,0
52aa440649e0487066d0f598ef2753c2,0
9bedcc4bac22d99c28357f598a172db9,0
79a0e7578bddf98b0d0a7dfdf3d28f69,0
619058934f9f7c14dda6d734784a42b0,1
43229c1feb710a64216be85b30c46c91,1
2b78293fdb1b11fd344f74dc5e993dea,0
fffc3e8605667aa5e9f2af46acf64c2c,0
a3cb0f50de24e37d09ed3704630619ca,0
3ca8e74d3068318385f1893082741c7f,1
99a3b1288be30570179f1d4b16eee805,0
dcc2f97ce25e1f0c264869fc54670758,0
bf950730847a6e3adebb90c06d13528b,0
7e2b10ef130f6e807d468ab24182326e,1
bf0af57292372093a061cfd9d04153e9,0
25e27170dd642239c23d3bf3f78eb1ec,0
7df13074bc764cb6cd031f6a62219692,0
e4531e727a3d6284c0682e41725d195c,1
fce7052f66d9ba70cd301822129665ea,0
a79640de5379221023a5a29e6b6133f5,0
feaf18114489fd0442c438fad241ae32,1
5d731f31b2e27f00150e316cbddedd2b,0
5cbcf1f4025df7bf2fcd8dd70222d768,0
6ff3f95c51306226e6149bab12c8b0c8,0
8909185aacb54c57dad2205e722249be,0
01f1bf2862f49018de288b5002dcd55c,0
1cd97cfb2ed0e69424c5826bff797ce6,0
26fae4e5958d239ea047af8051459955,0
cd4eec5dbc89c714195befeae8d77372,0
899fb5d71dd867c5231ef23acd55c96f,0
